world_x,world_y
0.0013248955,-0.39807567
0.0021011429,-1.238714695
0.0043203919,-2.1626434326
0.0076596527,-3.114433527
0.0113998931,-3.9401214123
0.0164888967,-4.7415118217
0.0243179444,-5.6033606529
0.0361275598,-6.6321573257
0.0491425209,-7.5660729408
0.0632200688,-8.4391698837
0.0786008462,-9.2898578644
0.0961754322,-10.146065712
0.1168172807,-10.9537220001
0.1446950287,-11.8850488663
0.1744229048,-12.7525367737
0.213675648,-13.7608480453
0.2497019023,-14.6338062286
0.2845220864,-15.5237226486
0.3226652443,-16.5197029114
0.3538462818,-17.3550224304
0.3849066794,-18.1962776184
0.4141715765,-19.004327774
0.4500198662,-20.0152931213
0.4781232476,-20.8635292053
0.5061626434,-21.7727565765
0.5318057537,-22.6694126129
0.5532241464,-23.4742603302
0.5794437528,-24.5486621857
0.5998717546,-25.4762763977
0.6216164827,-26.5833930969
0.6379984617,-27.5381069183
0.652315557,-28.4955177307
0.6626322269,-29.2970619202
0.6730899811,-30.2637786865
0.6809785366,-31.1792697906
0.6863718033,-31.9966773987
0.6905884147,-32.9195137024
0.6929689646,-33.9664382935
0.6928079128,-35.005771637
0.6907706261,-35.8661117554
0.6869152188,-36.7437477112
0.6816711426,-37.5664901733
0.6743050814,-38.4490852356
0.6648384929,-39.3572044373
0.6503839493,-40.4862823486
0.6350300908,-41.4915618896
0.6192800999,-42.3924636841
0.599449873,-43.3992767334
0.5816312432,-44.2161521912
0.5598461032,-45.1306343079
0.5349213481,-46.0891799927
0.5025378466,-47.2282447815
0.477501899,-48.0440750122
0.4438368082,-49.070022583
0.4060676396,-50.1595497131
0.3725255132,-51.1103515625
0.3330502212,-52.2541694641
0.2993794084,-53.303943634
0.2735891342,-54.1617851257
0.241286099,-55.3197937012
0.219468534,-56.1683959961
0.1964593232,-57.1381874084
0.1735644341,-58.2025146484
0.1568375528,-59.073890686
0.14086245,-60.0364151001
0.1260935217,-61.1014404297
0.1166486964,-61.9386901855
0.1079958826,-62.9232406616
0.10199669,-63.9059753418
0.0989000574,-64.756362915
0.0977468565,-65.8158950806
0.0989394337,-66.6445388794
0.1031954736,-67.7128219604
0.1087487116,-68.5608901978
0.1194642782,-69.7211227417
0.1298205107,-70.5875244141
0.1470312178,-71.7599182129
0.1659845114,-72.8320083618
0.1882593334,-73.9160614014
0.2094121873,-74.827507019
0.234311372,-75.8290634155
0.2579040527,-76.8126525879
0.2814002633,-77.8131790161
0.304620713,-78.828704834
0.3295412362,-79.9565582275
0.3481239378,-80.8742141724
0.3668942153,-81.9820404053
0.3794800937,-82.8904800415
0.3904318213,-83.9002151489
0.3983744681,-84.9520263672
0.4031718373,-86.1773681641
0.4031509757,-87.4045181274
0.3988800645,-88.5256500244
0.3918032348,-89.5037841797
0.3818875849,-90.4570465088
0.3688092828,-91.4218063354
0.3528212905,-92.3784561157
0.3365797698,-93.2055053711
0.312903136,-94.2484970093
0.2920764983,-95.0574188232
0.2681807578,-95.8965530396
0.2405835837,-96.7749023438
0.2090279758,-97.6507492065
0.1703662425,-98.5790176392
0.1246460304,-99.4648590088
0.0695890859,-100.2780075073
-0.0084161134,-101.1108856201
-0.1090180576,-101.9243621826
-0.2341180891,-102.7762069702
-0.3758897185,-103.6131744385
-0.5347328782,-104.4386672974
-0.7271249294,-105.3167266846
-0.9259056449,-106.1182403564
-1.183997035,-107.0436706543
-1.4331763983,-107.8476257324
-1.7475918531,-108.755531311
-2.1012103558,-109.6640090942
-2.4477555752,-110.4622802734
-2.882791996,-111.3581695557
-3.264518261,-112.0621032715
-3.798197031,-112.9468688965
-4.2621765137,-113.6395263672
-4.7469654083,-114.297996521
-5.351793766,-115.0380325317
-5.9977941513,-115.7426376343
-6.5735907555,-116.3058547974
-7.2364006042,-116.8913421631
-7.9545030594,-117.4576568604
-8.7536649704,-118.0133666992
-9.4711351395,-118.4521484375
-10.2762489319,-118.8838348389
-11.0672626495,-119.2516174316
-11.8356208801,-119.5600662231
-12.6797113419,-119.8484039307
-13.4977006912,-120.0836105347
-14.4445457458,-120.3142852783
-15.5122261047,-120.5412368774
-16.4711055756,-120.7305908203
-17.2599163055,-120.8803329468
-18.2430076599,-121.0608139038
-19.1752490997,-121.2261123657
-20.095659256,-121.3811721802
-21.1265506744,-121.5439147949
-22.0863304138,-121.6873397827
-23.1668643951,-121.8418121338
-24.1844005585,-121.9809799194
-25.2934417725,-122.1244049072
-26.4198989868,-122.2599868774
-27.2446727753,-122.3536071777
-28.2013988495,-122.4572372437
-29.2695789337,-122.5670776367
-30.1476135254,-122.6526412964
-31.0195407867,-122.7334518433
-32.0280036926,-122.8217849731
-32.9194908142,-122.8952713013
-33.7841262817,-122.9624404907
-34.6749916077,-123.0274276733
-35.6943016052,-123.0965270996
-36.7271270752,-123.1608352661
-37.8498878479,-123.2242584229
-38.7484779358,-123.2701568604
-40.0133399963,-123.3274841309
-41.2742538452,-123.3762054443
-42.2047805786,-123.4067764282
-43.3883399963,-123.4390335083
-44.3629875183,-123.4600143433
-45.5586738586,-123.4789199829
-46.5101051331,-123.4885787964
-47.7123527527,-123.4939880371
-48.6029853821,-123.4939727783
-49.5850868225,-123.4914703369
-50.4368476868,-123.4872741699
-51.4468154907,-123.4809036255
-52.3170051575,-123.474937439
-53.2974052429,-123.4676742554
-54.1715240479,-123.4608459473
-55.0331687927,-123.4539108276
-55.8935470581,-123.4473800659
-56.8920555115,-123.4406356812
-57.9291534424,-123.4344711304
-58.8542938232,-123.4297714233
-59.8529052734,-123.4256134033
-60.8396453857,-123.422454834
-61.8655357361,-123.4201889038
-62.7708282471,-123.419052124
-63.780834198,-123.4187088013
-64.6720352173,-123.4192352295
-65.6879653931,-123.420791626
-66.5983123779,-123.423034668
-67.6057662964,-123.4264755249
-68.4757461548,-123.4302215576
-69.5178985596,-123.4356994629
-70.4353866577,-123.4414138794
-71.4839324951,-123.4489440918
-72.3860244751,-123.4562759399
-73.40284729,-123.4654769897
-74.3422470093,-123.4748764038
-75.3498687744,-123.4859161377
-76.6794509888,-123.5019989014
-77.7080154419,-123.515625
-78.6016540527,-123.5282897949
-79.6228866577,-123.5437164307
-80.5356292725,-123.5583724976
-81.5563659668,-123.5757217407
-82.5714645386,-123.593963623
-83.569190979,-123.6128692627
-84.5702209473,-123.6328277588
-85.4382095337,-123.6509170532
-86.4624328613,-123.6732177734
-87.4987487793,-123.6968154907
-88.3666229248,-123.717376709
-89.3404693604,-123.7413024902
-90.311630249,-123.7660903931
-91.2433929443,-123.7907104492
-92.1526031494,-123.8155441284
-93.3284912109,-123.8487854004
-94.133895874,-123.8722991943
-95.3078308105,-123.9076843262
-96.4294433594,-123.9427032471
-97.5216445923,-123.9779434204
-98.5582809448,-124.0124893188
-99.4451828003,-124.0428848267
-100.4525680542,-124.0783462524
-101.3274002075,-124.109954834
-102.3073883057,-124.1462631226
-103.3070220947,-124.1843109131
-104.2310638428,-124.2203979492
-105.1946868896,-124.258934021
-106.0026245117,-124.2919998169
-106.9815979004,-124.332939148
-107.8969802856,-124.3721084595
-108.7219314575,-124.4081344605
-109.8264923096,-124.4574508667
-110.7526931763,-124.4989013672
-111.7956542969,-124.5449752808
-112.6574172974,-124.5827484131
-113.6106491089,-124.6241607666
-114.7383956909,-124.6726760864
-115.7781982422,-124.7169418335
-116.6554946899,-124.7539138794
-117.7212142944,-124.7983932495
-118.85546875,-124.8453063965
-119.9833068848,-124.8921737671
-121.1334915161,-124.9406738281
-122.0013580322,-124.9777679443
-123.1690597534,-125.0296096802
-124.2374191284,-125.0798492432
-125.0449295044,-125.1195297241
-126.2842025757,-125.1856155396
-127.3405609131,-125.2508468628
-128.2202453613,-125.3143692017
-129.2662506104,-125.4035644531
-130.4121246338,-125.5230407715
-131.5481872559,-125.6701889038
-132.6865081787,-125.8513641357
-133.4887237549,-126.0001144409
-134.6198730469,-126.2399978638
-135.4733886719,-126.4450759888
-136.5478363037,-126.7358016968
-137.6504058838,-127.0810775757
-138.4672088623,-127.3765106201
-139.4562225342,-127.7915878296
-140.2507019043,-128.1802520752
-141.1691741943,-128.7064056396
-141.9024200439,-129.2010192871
-142.5882720947,-129.7343139648
-143.3730773926,-130.4421844482
-144.1487731934,-131.2652435303
-144.6991119385,-131.9396057129
-145.3074035645,-132.7923278809
-145.891708374,-133.7520294189
-146.3383789063,-134.6212463379
-146.7493591309,-135.5831756592
-147.0589141846,-136.4788360596
-147.3157348633,-137.4515075684
-147.498046875,-138.4640655518
-147.587600708,-139.3118286133
-147.62059021,-140.3704681396
-147.5665740967,-141.4315490723
-147.4335479736,-142.4396972656
-147.2663421631,-143.2545013428
-147.0443878174,-144.0663146973
-146.753036499,-144.9067382813
-146.3402557373,-145.8623046875
-145.8157653809,-146.8561248779
-145.2615356445,-147.7729644775
-144.7299041748,-148.5895996094
-144.1092071533,-149.5004882813
-143.4611816406,-150.4201812744
-142.8591766357,-151.2484893799
-142.3256225586,-151.9614868164
-141.6327362061,-152.8544311523
-140.9965820313,-153.6384887695
-140.4254608154,-154.3126525879
-139.5799560547,-155.2649993896
-139.0243988037,-155.865814209
-138.4642791748,-156.4544219971
-137.6304168701,-157.3021697998
-137.0377349854,-157.8868103027
-136.1661987305,-158.7232513428
-135.4669647217,-159.3778839111
-134.6705322266,-160.1100463867
-133.850189209,-160.8514556885
-133.0210113525,-161.5886535645
-132.4015350342,-162.1317901611
-131.5487060547,-162.8688964844
-130.7078552246,-163.5839538574
-129.8442993164,-164.3065948486
-128.9710388184,-165.0254669189
-128.2720031738,-165.5925292969
-127.5659408569,-166.1578674316
-126.5535125732,-166.9556274414
-125.813079834,-167.529586792
-125.174369812,-168.018447876
-124.4344406128,-168.5776367188
-123.6708602905,-169.1467590332
-122.9100494385,-169.7059020996
-122.136680603,-170.2662658691
-121.4639053345,-170.7468261719
-120.6668701172,-171.3063964844
-119.8417053223,-171.8738250732
-119.1298522949,-172.3528747559
-118.4109573364,-172.8258972168
-117.6778106689,-173.2963104248
-116.9301834106,-173.7629394531
-116.1910629272,-174.2113952637
-115.4262161255,-174.6621246338
-114.6745681763,-175.0920410156
-113.8843917847,-175.5302429199
-113.0626373291,-175.9704589844
-112.2577056885,-176.3846588135
-111.4612960815,-176.7772369385
-110.6466217041,-177.161026001
-109.8152236938,-177.5344085693
-108.9590606689,-177.8996276855
-108.1173934937,-178.2401123047
-107.2727432251,-178.5636749268
-106.4343032837,-178.8672027588
-105.5379638672,-179.1727142334
-104.6444320679,-179.4582214355
-103.7967910767,-179.71144104
-102.9087219238,-179.958984375
-102.0281982422,-180.1864776611
-101.1227493286,-180.4022064209
-100.2269134521,-180.5979309082
-99.1804351807,-180.8040924072
-98.2959976196,-180.9600219727
-97.3774414063,-181.1056976318
-96.4941482544,-181.2318572998
-95.5763168335,-181.3490142822
-94.6729354858,-181.451461792
-93.6298599243,-181.5568847656
-92.7351226807,-181.6389007568
-91.8376846313,-181.7151641846
-90.9102554321,-181.7890167236
-90.0109481812,-181.8562011719
-89.119430542,-181.9188232422
-88.2210006714,-181.9779052734
-87.3336639404,-182.0322418213
-86.4498519897,-182.0824737549
-85.5482635498,-182.1297454834
-84.6440734863,-182.172958374
-83.7325897217,-182.2124023438
-82.8409576416,-182.2469329834
-81.9303283691,-182.2788391113
-81.005279541,-182.3091430664
-79.9704360962,-182.3422393799
-78.9269790649,-182.3771209717
-78.0105895996,-182.4103546143
-77.1163253784,-182.4456176758
-76.0605316162,-182.4911651611
-74.8695526123,-182.5481262207
-73.9841461182,-182.5943450928
-72.9468307495,-182.6528320313
-71.9020767212,-182.7164459229
-70.7235794067,-182.7939453125
-69.8187026978,-182.8575592041
-68.7556152344,-182.9368286133
-67.8611526489,-183.006942749
-66.9236984253,-183.0820465088
-66.0458374023,-183.1533813477
-65.1354293823,-183.2284698486
-64.236656189,-183.303527832
-63.3209762573,-183.3807525635
-62.4416770935,-183.4555664063
-61.5409889221,-183.5328674316
-60.6290855408,-183.6117858887
-59.7280883789,-183.6904296875
-58.8246192932,-183.7699584961
-57.9374198914,-183.8486022949
-57.0252151489,-183.9296875
-56.1309356689,-184.0088195801
-55.2093200684,-184.0901489258
-54.321559906,-184.1681213379
-53.4411621094,-184.2449188232
-52.5335197449,-184.3234710693
-51.6443748474,-184.3998260498
-50.6123046875,-184.4876708984
-49.4320983887,-184.5870666504
-48.548210144,-184.6607818604
-47.6493415833,-184.7350769043
-46.7621574402,-184.8077850342
-45.8530540466,-184.8816375732
-44.9785652161,-184.9520721436
-44.0926589966,-185.0227508545
-43.2233390808,-185.091506958
-42.3318824768,-185.1613464355
-41.4556922913,-185.229385376
-40.5774497986,-185.2970123291
-39.6449737549,-185.3681030273
-38.6053543091,-185.4465637207
-37.4408378601,-185.5334014893
-36.5677032471,-185.5977935791
-35.6696777344,-185.6633911133
-34.8011016846,-185.7262115479
-33.9174957275,-185.7894897461
-32.8767471313,-185.8632354736
-31.7280750275,-185.9436035156
-30.8536109924,-186.0041046143
-29.9883174896,-186.0633544922
-29.1246013641,-186.121887207
-28.1124267578,-186.1897277832
-26.9364833832,-186.2675323486
-26.0695095062,-186.3246612549
-25.0579338074,-186.3921661377
-23.9221973419,-186.4693756104
-23.0825920105,-186.5275115967
-22.2545471191,-186.5865936279
-21.303314209,-186.6580352783
-20.2771472931,-186.7406005859
-19.1789245605,-186.8365631104
-18.1202945709,-186.9385528564
-17.0047302246,-187.0586242676
-15.8241930008,-187.201965332
-14.8059310913,-187.341506958
-13.8329753876,-187.490020752
-13.0163850784,-187.6262207031
-12.1352901459,-187.7853088379
-11.3304243088,-187.9417572021
-10.5451173782,-188.1046447754
-9.7528162003,-188.280090332
-8.8580322266,-188.4929504395
-8.0332489014,-188.7024230957
-7.0865159035,-188.9587402344
-6.3028330803,-189.1838684082
-5.5206017494,-189.4204101563
-4.7275896072,-189.6724243164
-3.8247778416,-189.9746246338
-2.7906243801,-190.3429107666
-1.9268728495,-190.6697540283
-1.1276156902,-190.9892883301
-0.3126823008,-191.3347473145
0.4878562391,-191.6948852539
1.3477630615,-192.1084747314
2.0815062523,-192.4896392822
2.9520089626,-192.9872283936
3.7442440987,-193.496307373
4.5855174065,-194.1071014404
5.2639803886,-194.6629638672
5.891497612,-195.2417755127
6.5240044594,-195.9000549316
7.0866799355,-196.5705566406
7.5733623505,-197.2343902588
8.0244684219,-197.9396514893
8.4390058517,-198.6800537109
8.8546514511,-199.5419921875
9.1639900208,-200.2954406738
9.4653711319,-201.1729888916
9.6877422333,-201.9725189209
9.8811159134,-202.87890625
10.0207309723,-203.8313293457
10.0978565216,-204.7722167969
10.1132516861,-205.7038269043
10.0680713654,-206.6428833008
9.980764389,-207.4569854736
9.8429040909,-208.301361084
9.6348142624,-209.2288970947
9.390042305,-210.0778656006
9.0559387207,-211.0059356689
8.7210645676,-211.7732391357
8.3075313568,-212.5850982666
7.8649535179,-213.3415985107
7.3240618706,-214.1519317627
6.6666197777,-215.0100402832
5.9491295815,-215.8336791992
5.3293423653,-216.4949188232
4.6705875397,-217.1758422852
4.0506472588,-217.8046875
3.4752912521,-218.3795013428
2.8839342594,-218.9612579346
2.2744362354,-219.5511474609
1.6391201019,-220.1558380127
1.0019534826,-220.752166748
0.2634028494,-221.4308929443
-0.3401797414,-221.9759368896
-1.1078951359,-222.6569519043
-1.718441844,-223.1889953613
-2.5791037083,-223.9257202148
-3.4650967121,-224.6734008789
-4.1241059303,-225.2244873047
-5.0143728256,-225.9648132324
-5.9140849113,-226.7118530273
-6.5721874237,-227.2585449219
-7.4734277725,-228.0076904297
-8.1338167191,-228.5570831299
-8.7802734375,-229.0953063965
-9.5134363174,-229.7062835693
-10.3999166489,-230.4458007813
-11.0817737579,-231.0151672363
-12.0067329407,-231.7883300781
-12.6938457489,-232.36328125
-13.5809907913,-233.106338501
-14.2603464127,-233.6758880615
-14.9293518066,-234.2372741699
-15.6073665619,-234.8067169189
-16.2869377136,-235.3779296875
-16.9701576233,-235.9526824951
-17.9380187988,-236.767791748
-18.629240036,-237.3504638672
-19.2993202209,-237.9158325195
-19.9753894806,-238.4867401123
-20.6423110962,-239.0506591797
-21.3368453979,-239.6399536133
-22.0383663177,-240.2372741699
-22.7238769531,-240.8229827881
-23.4236755371,-241.4231262207
-24.0534744263,-241.9651947021
-24.7668819427,-242.5814819336
-25.4488201141,-243.1728668213
-26.1335678101,-243.7689056396
-26.8234786987,-244.3717193604
-27.5254802704,-244.9874420166
-28.2277698517,-245.6058197021
-28.8309764862,-246.1389007568
-29.5263080597,-246.7555847168
-30.2048282623,-247.3596496582
-31.1422042847,-248.1979217529
-31.8241443634,-248.810546875
-32.4995422363,-249.4195709229
-33.1224021912,-249.983215332
-34.0593719482,-250.8348388672
-34.8820762634,-251.5863494873
-35.5321884155,-252.1826934814
-36.2999610901,-252.8905029297
-37.0379638672,-253.5762176514
-37.8788833618,-254.3636932373
-38.603477478,-255.0476074219
-39.1935768127,-255.6083374023
-39.8554344177,-256.2412414551
-40.6345024109,-256.9916687012
-41.4123344421,-257.7468566895
-42.1235084534,-258.4425964355
-42.8358726501,-259.14453125
-43.4268188477,-259.7307739258
-44.2168388367,-260.520111084
-45.0016365051,-261.3111572266
-45.6039428711,-261.9243469238
-46.1789894104,-262.5145568848
-46.9047050476,-263.2662963867
-47.66771698,-264.0651245117
-48.4404296875,-264.883605957
-49.200302124,-265.7001647949
-49.7732963562,-266.3237304688
-50.5120658875,-267.1385192871
-51.2377815247,-267.9543151855
-51.9807929993,-268.8071899414
-52.7138557434,-269.6664733887
-53.4274559021,-270.5207824707
-54.1393508911,-271.3930664063
-54.6744384766,-272.0645446777
-55.307598114,-272.8788757324
-55.9645042419,-273.7504577637
-56.6521072388,-274.698425293
-57.1159553528,-275.3624267578
-57.5862579346,-276.0597839355
-58.0216941833,-276.7312011719
-58.616027832,-277.6947631836
-59.0214004517,-278.3869018555
-59.5883903503,-279.4091796875
-59.9932937622,-280.185760498
-60.3800811768,-280.9723510742
-60.8170433044,-281.9242248535
-61.2651176453,-282.9898071289
-61.5713844299,-283.7861938477
-61.9293785095,-284.811920166
-62.1682128906,-285.5754394531
-62.3897514343,-286.363494873
-62.5841636658,-287.1412353516
-62.8305664063,-288.3022155762
-62.983127594,-289.1831970215
-63.1263008118,-290.2312316895
-63.2089347839,-291.0518188477
-63.2788467407,-292.1533813477
-63.3010444641,-293.2694091797
-63.283946991,-294.1054077148
-63.214389801,-295.2203369141
-63.1275444031,-296.0389709473
-63.0076980591,-296.8617248535
-62.8583183289,-297.6609191895
-62.6534538269,-298.5432128906
-62.3115348816,-299.7189331055
-61.9750900269,-300.6682434082
-61.6677436829,-301.4207458496
-61.2175712585,-302.3869934082
-60.7910194397,-303.1996765137
-60.379940033,-303.9156494141
-59.7635345459,-304.898223877
-59.1034164429,-305.8601989746
-58.6162528992,-306.5222167969
-57.9199981689,-307.4067993164
-57.1699905396,-308.2905273438
-56.6239624023,-308.8994750977
-56.0559692383,-309.5092773438
-55.2726364136,-310.3204040527
-54.6681289673,-310.9284362793
-53.9283714294,-311.6543884277
-53.3209381104,-312.2382507324
-52.4847335815,-313.0270690918
-51.7164039612,-313.7374572754
-51.0843544006,-314.3117980957
-50.3018379211,-315.0107727051
-49.6503219604,-315.5830078125
-48.7459564209,-316.3677978516
-47.8476715088,-317.1408996582
-47.1592140198,-317.7308959961
-46.3364105225,-318.434967041
-45.675075531,-319.003112793
-44.8360061646,-319.7292785645
-44.1644973755,-320.315826416
-43.5092048645,-320.8954467773
-42.6111335754,-321.7024841309
-41.9486122131,-322.3087158203
-41.2043647766,-323.003692627
-40.5617332458,-323.615814209
-39.7716903687,-324.3842773438
-39.1256980896,-325.0262145996
-38.5619735718,-325.596282959
-37.9967880249,-326.1761779785
-37.4325485229,-326.7638244629
-36.8004226685,-327.4327697754
-36.2343559265,-328.0415039063
-35.6082649231,-328.7256164551
-34.8227615356,-329.6005859375
-34.2188262939,-330.2860412598
-33.5210075378,-331.0888061523
-32.6948013306,-332.0458068848
-32.1333084106,-332.6959838867
-31.5300827026,-333.3917541504
-30.996925354,-334.0032653809
-30.4530410767,-334.6232299805
-29.8398342133,-335.3176574707
-29.0828990936,-336.16796875
-28.5371284485,-336.7763671875
-27.9773769379,-337.3962097168
-27.3578777313,-338.0775756836
-26.5635890961,-338.9452209473
-25.9296875,-339.6346435547
-25.2225799561,-340.4002380371
-24.5887393951,-341.0835571289
-24.0353412628,-341.6780090332
-23.4673480988,-342.2861328125
-22.8409862518,-342.9558105469
-22.2004508972,-343.6429138184
-21.6164569855,-344.2713928223
-20.8135757446,-345.1389770508
-20.2454605103,-345.7554626465
-19.6815013885,-346.3699951172
-19.0618362427,-347.0508117676
-18.5149974823,-347.657623291
-17.9002246857,-348.3463745117
-17.2199077606,-349.1170349121
-16.3915634155,-350.0661621094
-15.789478302,-350.7621459961
-15.1163253784,-351.5467529297
-14.5938873291,-352.1603393555
-13.9965667725,-352.8669433594
-13.2581233978,-353.7478942871
-12.6847877502,-354.4375610352
-11.9655208588,-355.3099975586
-11.3969011307,-356.0054321289
-10.8295087814,-356.7045288086
-10.3222723007,-357.3339233398
-9.821149826,-357.9598999023
-9.252869606,-358.6748352051
-8.4921913147,-359.6425170898
-7.9927077293,-360.2869873047
-7.2314176559,-361.2859191895
-6.5598287582,-362.1870727539
-6.0223836899,-362.9262084961
-5.5006551743,-363.6624450684
-4.9836111069,-364.4127502441
-4.2975769043,-365.4449462891
-3.8166835308,-366.199005127
-3.1735808849,-367.2559204102
-2.5525021553,-368.3387756348
-2.1152572632,-369.146270752
-1.6003637314,-370.1589660645
-1.211089015,-370.9820556641
-0.7570946217,-372.0276489258
-0.4208959043,-372.8805236816
-0.1123722792,-373.7398071289
0.2256449014,-374.79296875
0.4698012769,-375.6530456543
0.7667533755,-376.8507385254
1.0036135912,-377.9534606934
1.1689368486,-378.8164672852
1.3178100586,-379.6722106934
1.4879434109,-380.7519836426
1.6117625237,-381.6101074219
1.7406448126,-382.5737304688
1.8733733892,-383.650177002
1.9709550142,-384.503692627
2.0962750912,-385.6836242676
2.1806194782,-386.5278015137
2.2633528709,-387.3890991211
2.3758642673,-388.6028137207
2.4869294167,-389.8307189941
2.5628480911,-390.67578125
2.6682107449,-391.8561706543
2.7447698116,-392.7181091309
2.8482174873,-393.8877563477
2.9232640266,-394.7397460938
2.9984652996,-395.5942993164
3.076413393,-396.4747314453
3.1766579151,-397.5908203125
3.2667639256,-398.5769042969
3.3485915661,-399.4531555176
3.4637494087,-400.647644043
3.5482540131,-401.4929504395
3.6379408836,-402.3632202148
3.7690708637,-403.5867919922
3.8672456741,-404.4547424316
4.010178566,-405.6315002441
4.1239709854,-406.5001525879
4.2770438194,-407.5887756348
4.4102606773,-408.4656066895
4.5535693169,-409.3387451172
4.7036318779,-410.1885986328
4.8672819138,-411.0542602539
5.114171505,-412.2617492676
5.3752727509,-413.4346313477
5.5816364288,-414.2954711914
5.8759522438,-415.433807373
6.1993942261,-416.5791320801
6.4560618401,-417.4185791016
6.8314886093,-418.5465393066
7.2480621338,-419.6741333008
7.5748271942,-420.4816589355
7.9181323051,-421.2689819336
8.2867431641,-422.0513916016
8.6792945862,-422.8199462891
9.0971002579,-423.5724487305
9.5941505432,-424.3903503418
10.2594099045,-425.3709411621
10.9896087646,-426.3204345703
11.5532684326,-426.9789733887
12.3948926926,-427.8620910645
12.9920110703,-428.4260559082
13.8480186462,-429.1571655273
14.6231250763,-429.7487792969
15.3625497818,-430.2576599121
16.2693595886,-430.8140869141
16.9809055328,-431.202331543
17.8228588104,-431.6101379395
18.5644512177,-431.9261169434
19.4122447968,-432.240814209
20.4218006134,-432.5539855957
21.3193264008,-432.7797241211
22.1340255737,-432.9463500977
23.2557811737,-433.1264038086
24.0856761932,-433.2315673828
25.0423545837,-433.3334350586
26.1340255737,-433.4364624023
27.2286376953,-433.531829834
28.2533302307,-433.6146240234
29.5099334717,-433.7080078125
30.4983463287,-433.7737731934
31.5999412537,-433.8388671875
32.5969009399,-433.8901977539
33.47215271,-433.9293518066
34.5850906372,-433.9721374512
35.7250556946,-434.0110473633
36.8774833679,-434.0484619141
38.0041999817,-434.0872192383
39.2398109436,-434.1330871582
40.2343254089,-434.1727294922
41.3530197144,-434.2203674316
42.4522171021,-434.2705383301
43.4345245361,-434.3180847168
44.3075447083,-434.3623657227
45.1721572876,-434.4075012207
46.0374488831,-434.4537353516
47.0294685364,-434.5082397461
47.8723678589,-434.5556945801
48.7188796997,-434.6044311523
49.567615509,-434.6543273926
50.5553245544,-434.7137756348
51.5166091919,-434.7730712891
52.6129417419,-434.8422546387
53.4699401855,-434.8976135254
54.4667434692,-434.9633789063
55.6185913086,-435.0411682129
56.8870010376,-435.1289672852
57.7889289856,-435.1928405762
58.6622047424,-435.2557983398
59.5669822693,-435.3222045898
60.4519615173,-435.3883972168
61.4584503174,-435.4649963379
62.3506813049,-435.5341796875
63.2515907288,-435.6051940918
64.2699432373,-435.6869506836
65.2710113525,-435.7687683105
66.3689880371,-435.8601989746
67.4854660034,-435.9550170898
68.3382644653,-436.0288085938
69.302696228,-436.1134643555
70.4373321533,-436.2147521973
71.4956283569,-436.3096923828
72.4194107056,-436.3927612305
73.586227417,-436.4979553223
74.4737167358,-436.578125
75.4675292969,-436.6680297852
76.3234863281,-436.7456054688
77.4343261719,-436.8463439941
78.6385498047,-436.9540405273
79.7116699219,-437.0457763672
80.5661697388,-437.1148376465
81.5363235474,-437.1892089844
82.4311828613,-437.2538452148
83.3908157349,-437.318939209
84.2334823608,-437.3725585938
85.1878662109,-437.4290771484
86.3687591553,-437.4924926758
87.4478988647,-437.5424194336
88.294342041,-437.5763244629
89.3425674438,-437.6118774414
90.2117767334,-437.6360473633
91.2917785645,-437.6590881348
92.1374359131,-437.671875
93.3367385864,-437.6820983887
94.415687561,-437.6833496094
95.5167770386,-437.6768798828
96.3979187012,-437.6660461426
97.4107437134,-437.6472473145
98.4070358276,-437.6224365234
99.4152526855,-437.5907592773
100.2172241211,-437.5608215332
101.4847335815,-437.505065918
102.4052124023,-437.4580078125
103.5842056274,-437.3897094727
104.3906555176,-437.3377990723
105.2051696777,-437.281036377
106.0314941406,-437.2190551758
107.2220687866,-437.1219787598
108.044883728,-437.0494384766
109.2209854126,-436.9381408691
110.1879959106,-436.83984375
111.242401123,-436.7261657715
112.2969818115,-436.609375
113.2318344116,-436.505859375
114.420249939,-436.3768920898
115.2385406494,-436.2906188965
116.0757904053,-436.2044372559
116.881072998,-436.123626709
117.707611084,-436.0424194336
118.6361999512,-435.9520263672
119.4575042725,-435.8722229004
120.2651901245,-435.7938537598
121.2006835938,-435.7024841309
122.1233062744,-435.610534668
123.1481933594,-435.5039367676
124.0471954346,-435.4051818848
124.8552246094,-435.3122253418
125.6639785767,-435.2149963379
126.5510482788,-435.1035461426
127.6884613037,-434.9524230957
128.5029907227,-434.8362121582
129.5547180176,-434.6747131348
130.4459228516,-434.5280456543
131.2574615479,-434.3863525391
132.0486297607,-434.2398376465
132.9629974365,-434.058380127
134.1908569336,-433.791015625
135.2992095947,-433.5213317871
136.1664886475,-433.2885437012
137.2536621094,-432.9651794434
138.3244018555,-432.6061706543
139.211730957,-432.2743530273
140.2398223877,-431.8482666016
141.061126709,-431.4717407227
142.0569458008,-430.9651184082
142.817855835,-430.5359802246
143.7018585205,-429.9833984375
144.3690643311,-429.5209960938
145.2587890625,-428.8327941895
145.9778137207,-428.2066650391
146.5962219238,-427.6069946289
147.1519927979,-427.0097045898
147.7561798096,-426.282409668
148.2820281982,-425.5631408691
148.7368927002,-424.8511352539
149.1703796387,-424.0611572266
149.5416259766,-423.2557678223
149.8760070801,-422.3675537109
150.1128692627,-421.5726318359
150.3006439209,-420.7448425293
150.4286804199,-419.9424133301
150.5184783936,-418.9584655762
150.5484313965,-418.0950927734
150.5422973633,-417.111328125
150.5117797852,-416.2692565918
150.462020874,-415.3776550293
150.3904266357,-414.434173584
150.3093719482,-413.5800170898
150.2063903809,-412.648223877
150.0863647461,-411.6880493164
149.9742279053,-410.8542175293
149.8556365967,-410.0123291016
149.7310638428,-409.1468200684
149.6063537598,-408.2776184082
149.4415740967,-407.1004943848
149.3058624268,-406.0845947266
149.1895294189,-405.1654663086
149.0777740479,-404.2306518555
148.9863891602,-403.4072570801
148.8995819092,-402.5530395508
148.8123626709,-401.6024169922
148.7348327637,-400.6490783691
148.6682739258,-399.711151123
148.6159057617,-398.8541259766
148.5707244873,-397.9792785645
148.5310058594,-397.0252685547
148.5014648438,-396.0729675293
148.4849243164,-395.2623291016
148.4778137207,-394.2053833008
148.4851989746,-393.3214416504
148.5116729736,-392.273651123
148.5477142334,-391.4100646973
148.5985870361,-390.5244140625
148.6591033936,-389.7198791504
148.7489013672,-388.7933044434
148.8596038818,-387.8676452637
148.9866638184,-386.986114502
149.1494750977,-386.0365905762
149.3424224854,-385.0691223145
149.5587005615,-384.1306152344
149.7773284912,-383.2940063477
150.0174560547,-382.4733581543
150.3013153076,-381.6040039063
150.610168457,-380.7559204102
150.943939209,-379.9287414551
151.2928314209,-379.1396789551
151.6822357178,-378.3318786621
152.0627746582,-377.6036376953
152.4978637695,-376.8307189941
153.0645599365,-375.9041748047
153.6211395264,-375.0703430176
154.162322998,-374.3206481934
154.7786865234,-373.5333557129
155.4169158936,-372.7833251953
156.0382537842,-372.1083984375
156.7836914063,-371.3617858887
157.5419158936,-370.6643981934
158.2844543457,-370.034576416
159.0827178955,-369.41015625
159.792755127,-368.8932800293
160.6706085205,-368.2936096191
161.3836212158,-367.8316955566
162.1192474365,-367.377532959
162.8596496582,-366.9432373047
163.6614074707,-366.4973449707
164.4857940674,-366.0618591309
165.3365631104,-365.6315002441
166.1986846924,-365.2082824707
167.0695648193,-364.7862854004
167.98828125,-364.3432617188
168.8784484863,-363.9166259766
169.8085327148,-363.4735412598
170.7348327637,-363.0352172852
171.4664001465,-362.692565918
172.2109069824,-362.3481140137
173.0415649414,-361.969329834
174.1103210449,-361.4903564453
174.8786315918,-361.1519775391
175.6437530518,-360.8199157715
176.5133209229,-360.4476928711
177.3851928711,-360.0790100098
178.3820495605,-359.6632995605
179.1496582031,-359.3472900391
180.0518341064,-358.9803161621
181.0468902588,-358.5804748535
181.8339538574,-358.266784668
182.7023773193,-357.9231262207
183.765411377,-357.5043640137
184.5863800049,-357.1808776855
185.5223388672,-356.8114318848
186.5659790039,-356.398223877
187.4969482422,-356.0284423828
188.3203735352,-355.6998596191
189.4136810303,-355.2594909668
190.183807373,-354.9465637207
191.228729248,-354.5182800293
192.041809082,-354.1819458008
192.9748382568,-353.7925720215
194.0554046631,-353.3372192383
194.8674163818,-352.9917907715
195.8015136719,-352.5910949707
196.9839019775,-352.0780334473
197.9174957275,-351.6678771973
199.0359954834,-351.1704711914
199.8181610107,-350.8186340332
200.7462463379,-350.3969726563
201.7823028564,-349.9208068848
202.6188964844,-349.5320129395
203.5542755127,-349.0919799805
204.5902099609,-348.5965270996
205.3804321289,-348.2127380371
206.2933349609,-347.7630004883
207.3307189941,-347.2433166504
208.1242523193,-346.8395690918
209.0409545898,-346.3660888672
209.8339080811,-345.9496459961
210.6102752686,-345.5356445313
211.3929901123,-345.1119384766
212.2837677002,-344.6217956543
213.157043457,-344.1321411133
214.1541595459,-343.5592041016
215.2776184082,-342.8920288086
216.1509552002,-342.3540039063
216.9078674316,-341.8724060059
217.750289917,-341.3190307617
218.7372283936,-340.6442871094
219.6899414063,-339.9596862793
220.4045410156,-339.4216003418
221.1930236816,-338.799407959
222.0811309814,-338.0557250977
222.7525024414,-337.458190918
223.4003143311,-336.8499450684
224.0203399658,-336.236114502
224.713684082,-335.5092468262
225.4722442627,-334.6583251953
226.0281829834,-333.9894714355
226.6401519775,-333.1979980469
227.2096099854,-332.398223877
227.8162384033,-331.4620361328
228.426071167,-330.4073791504
228.8710327148,-329.5442199707
229.3260955811,-328.552947998
229.7789001465,-327.4202270508
230.0468139648,-326.6584777832
230.3293151855,-325.7501220703
230.6217498779,-324.6438598633
230.8750762939,-323.4881896973
231.0464019775,-322.5715637207
231.2091217041,-321.5712280273
231.3235168457,-320.7771911621
231.4449157715,-319.8602905273
231.5684356689,-318.8667297363
231.6687011719,-318.0137634277
231.8017730713,-316.802520752
231.8896179199,-315.9261779785
231.9796447754,-314.9068603516
232.0406646729,-314.0957946777
232.106338501,-313.0647277832
232.1597442627,-312.0830078125
232.2129974365,-311.0393981934
232.2577667236,-310.1842041016
232.30128479,-309.2943115234
232.339050293,-308.4008178711
232.3724365234,-307.4747314453
232.397567749,-306.6551513672
232.4206542969,-305.7468261719
232.4370117188,-304.9419555664
232.4499511719,-304.1036376953
232.4592590332,-303.1902770996
232.463470459,-302.3225402832
232.4632110596,-301.4933776855
232.4571838379,-300.4476623535
232.4440917969,-299.4635009766
232.4226531982,-298.4442443848
232.3966217041,-297.5222473145
232.3687286377,-296.7194824219
232.3254241943,-295.7635803223
232.2654876709,-294.7142333984
232.206161499,-293.8417663574
232.1425170898,-293.0425720215
232.0605621338,-292.1704101563
231.9631652832,-291.2917175293
231.859375,-290.487701416
231.7336273193,-289.6589355469
231.5687713623,-288.7352294922
231.397354126,-287.9180297852
231.193649292,-287.1190490723
230.9350280762,-286.2745666504
230.6316375732,-285.4281005859
230.3119049072,-284.657409668
229.9332733154,-283.8731079102
229.5223846436,-283.1456298828
229.0284118652,-282.3955078125
228.5033111572,-281.7092285156
227.8516998291,-280.9770507813
227.1168670654,-280.2739868164
226.3455047607,-279.6501159668
225.6238861084,-279.1564331055
224.7033538818,-278.6349487305
223.8840332031,-278.2598876953
223.097442627,-277.9710998535
222.2920837402,-277.7421569824
221.4459075928,-277.5713806152
220.6436920166,-277.4724121094
219.6573028564,-277.4329528809
218.8340911865,-277.4694213867
217.9381713867,-277.5814208984
217.1072998047,-277.7547302246
216.1996002197,-278.0244750977
215.2176971436,-278.412902832
214.4166564941,-278.7841796875
213.5366973877,-279.2156066895
212.8133392334,-279.5758972168
212.0895996094,-279.9397277832
211.3716583252,-280.3041687012
210.646484375,-280.675567627
209.9082794189,-281.0575866699
209.1793518066,-281.4385375977
208.445602417,-281.825958252
207.7203674316,-282.2126464844
206.9821014404,-282.6103210449
206.2497558594,-283.0081481934
205.5064849854,-283.4127502441
204.7719421387,-283.8127746582
203.8731384277,-284.3019714355
203.0704498291,-284.7372131348
202.0977630615,-285.2630310059
201.2656402588,-285.7100830078
200.4546813965,-286.1421813965
199.5667572021,-286.6117858887
198.8386077881,-286.9940490723
198.114074707,-287.3719787598
197.3860321045,-287.7492370605
196.4904022217,-288.2099304199
195.5902099609,-288.6692199707
194.7698974609,-289.0844726563
193.8762054443,-289.533782959
192.9704589844,-289.9865112305
192.1571655273,-290.390625
191.2657012939,-290.830871582
190.5354309082,-291.1894226074
189.7953643799,-291.55078125
188.8867950439,-291.9891052246
188.0612487793,-292.3815917969
187.1515960693,-292.8090515137
186.3260650635,-293.1932067871
185.4377746582,-293.6022949219
184.6165313721,-293.9766235352
183.7267303467,-294.3796081543
182.8412017822,-294.7780151367
181.9564208984,-295.1733093262
181.0868835449,-295.5590820313
180.1806030273,-295.9583435059
179.3919067383,-296.3034973145
178.4927368164,-296.6943359375
177.7064819336,-297.033782959
176.7311706543,-297.4518737793
175.9291992188,-297.7932434082
175.1917724609,-298.1051635742
174.3097076416,-298.4753112793
173.4320220947,-298.8399658203
172.5384674072,-299.2076416016
171.5769042969,-299.5992431641
170.6990356445,-299.9510498047
169.7263031006,-300.333984375
168.8298797607,-300.6806030273
167.8329772949,-301.0566101074
166.9956970215,-301.3639221191
166.0101318359,-301.716217041
165.1068572998,-302.0301513672
164.2156982422,-302.331237793
163.3795318604,-302.6039428711
162.3843383789,-302.9147949219
161.5610656738,-303.1609191895
160.5776672363,-303.4382324219
159.6510772705,-303.6784973145
158.7382049561,-303.8916931152
157.7229309082,-304.0972900391
156.8291625977,-304.2490844727
155.8922271729,-304.3783874512
154.8915710449,-304.4822692871
153.9808502197,-304.5446166992
153.1571044922,-304.5744018555
152.15625,-304.575958252
151.3388977051,-304.5470581055
150.2898712158,-304.467010498
149.4107208252,-304.3580627441
148.4637145996,-304.1926574707
147.5525512695,-303.9811401367
146.7521057129,-303.7479553223
145.9228210449,-303.4567565918
145.176940918,-303.1498718262
144.4517059326,-302.8079833984
143.6854095459,-302.3968200684
142.9496154785,-301.94921875
142.2481079102,-301.4674682617
141.5863189697,-300.9571533203
140.7864074707,-300.2532043457
140.1997070313,-299.6625366211
139.5113983154,-298.8684997559
139.0187225342,-298.2153625488
138.5639190674,-297.5309448242
138.0972442627,-296.7191467285
137.7338409424,-295.9804077148
137.3681335449,-295.0953674316
137.040145874,-294.1001586914
136.7845916748,-293.0680847168
136.6085205078,-292.1631774902
136.4664001465,-291.3085632324
136.3145751953,-290.3313903809
136.1833343506,-289.3963317871
136.0684661865,-288.3330688477
135.9882507324,-287.2543029785
135.9459686279,-286.3099975586
135.9232635498,-285.4101257324
135.9029388428,-284.357635498
135.8825836182,-283.2896728516
135.866897583,-282.3974304199
135.8519744873,-281.4389648438
135.8399353027,-280.6262207031
135.8233642578,-279.7168884277
135.8023376465,-278.8479003906
135.7736358643,-277.8871765137
135.7452697754,-277.0624694824
135.7157440186,-276.2268676758
135.6850128174,-275.3064575195
135.653137207,-274.294342041
135.6219024658,-273.2682800293
135.5942382813,-272.3247070313
135.5667114258,-271.3488464355
135.5391693115,-270.3304138184
135.5126953125,-269.2317810059
135.4937591553,-268.2424316406
135.4771118164,-267.0786743164
135.466583252,-265.9606323242
135.462387085,-265.1584777832
135.4610443115,-264.1414489746
135.4625701904,-263.3227844238
135.467376709,-262.2863464355
135.4735717773,-261.4686584473
135.4854736328,-260.3387451172
135.4986877441,-259.3295593262
135.511505127,-258.494354248
135.5319519043,-257.3422851563
135.5488586426,-256.5027160645
135.5718994141,-255.4722442627
135.5925598145,-254.6323699951
135.6204071045,-253.5947418213
135.6445770264,-252.7566375732
135.6766052246,-251.7004852295
135.7034301758,-250.858505249
135.7396087646,-249.7779846191
135.7688140869,-248.944152832
135.8082733154,-247.8651275635
135.8412017822,-247.0011444092
135.8844451904,-245.9123535156
135.9199523926,-245.0518341064
135.9658203125,-243.981552124
136.0045166016,-243.1102142334
136.0542297363,-242.0289764404
136.0948028564,-241.1786651611
136.149230957,-240.1108093262
136.2118682861,-238.9736022949
136.2749938965,-237.9177856445
136.3330383301,-237.0478057861
136.4059295654,-236.0800933838
136.482421875,-235.1879577637
136.6011657715,-234.0248413086
136.7554626465,-232.8447570801
136.8910064697,-232.009552002
137.101348877,-230.9403686523
137.3902740479,-229.7403869629
137.6390533447,-228.8595428467
137.9367980957,-227.9291687012
138.2362518311,-227.0949707031
138.6494140625,-226.0714569092
139.0193328857,-225.2491912842
139.5638122559,-224.1613616943
140.1659393311,-223.0896759033
140.6299743652,-222.3382110596
141.2554626465,-221.4089660645
142.0077514648,-220.3965759277
142.5788879395,-219.6923370361
143.2646789551,-218.9091491699
143.9917297363,-218.138961792
144.570526123,-217.5590820313
145.1547393799,-216.9948120117
145.7582244873,-216.4268341064
146.3578643799,-215.8717498779
146.9776306152,-215.3062438965
147.6862945557,-214.669708252
148.3146972656,-214.1135101318
148.9632415771,-213.5470275879
149.717086792,-212.8963012695
150.3855438232,-212.3247375488
151.0429534912,-211.7663574219
151.7006530762,-211.2101135254
152.5372314453,-210.5040588379
153.2929382324,-209.8665008545
154.1476593018,-209.1439666748
154.9962310791,-208.4248657227
155.8490600586,-207.7002258301
156.5014190674,-207.1445617676
157.1626434326,-206.5800323486
157.8242797852,-206.0132751465
158.600189209,-205.3454284668
159.2509460449,-204.7826843262
159.9087982178,-204.2113494873
160.6678009033,-203.5489959717
161.3350982666,-202.9638671875
162.2853393555,-202.1259918213
163.0367889404,-201.4585113525
163.8714599609,-200.7099609375
164.7839660645,-199.8815917969
165.4970092773,-199.2249145508
166.2924194336,-198.4787139893
166.9882049561,-197.8104858398
167.6007995605,-197.2072601318
168.2874603271,-196.5115203857
169.104385376,-195.6517944336
169.734954834,-194.9613800049
170.2673034668,-194.3591156006
170.7950286865,-193.7431793213
171.3892974854,-193.0235443115
171.8944549561,-192.3866882324
172.3949890137,-191.7300109863
172.9425354004,-190.9787139893
173.4091949463,-190.3068084717
173.9041900635,-189.5565032959
174.3325958252,-188.8683319092
174.7913513184,-188.0810546875
175.2131195068,-187.2991027832
175.6243591309,-186.4683685303
175.9556732178,-185.7360687256
176.3115386963,-184.8644256592
176.6991882324,-183.770401001
176.9644165039,-182.8928070068
177.1694488525,-182.1027679443
177.3628692627,-181.2151947021
177.5025939941,-180.4263000488
177.6257171631,-179.5269470215
177.7032775879,-178.7275085449
177.75390625,-177.8294067383
177.7595062256,-176.6784362793
177.7150115967,-175.7677459717
177.6395111084,-174.970703125
177.5266876221,-174.1616363525
177.373626709,-173.3438873291
177.1579437256,-172.4467010498
176.8990936279,-171.5778808594
176.6306152344,-170.8191223145
176.2923431396,-169.9963226318
175.762588501,-168.90625
175.3230438232,-168.1293487549
174.6553649902,-167.1048278809
173.9343261719,-166.1505584717
173.3724365234,-165.4862670898
172.5366363525,-164.5922851563
171.8024139404,-163.8767547607
170.9481964111,-163.102355957
170.2552185059,-162.506652832
169.3461608887,-161.7590026855
168.61378479,-161.1825714111
167.9712982178,-160.6943664551
167.2091217041,-160.1343231201
166.1932373047,-159.4171600342
165.5178070068,-158.95703125
164.4736022949,-158.2660369873
163.7034759521,-157.7676849365
162.701171875,-157.1279296875
161.8873138428,-156.6126098633
161.2093963623,-156.1844329834
160.4337921143,-155.6936645508
159.3923339844,-155.0294952393
158.7182159424,-154.5949859619
157.9544830322,-154.0967407227
157.2757110596,-153.6473236084
156.5899505615,-153.1857299805
155.8040466309,-152.6467895508
154.8412780762,-151.9716949463
154.083404541,-151.4278259277
153.4331817627,-150.9507141113
152.6950073242,-150.3962097168
152.052947998,-149.9023284912
151.299331665,-149.308303833
150.6664123535,-148.7964782715
149.9242706299,-148.1786956787
149.0637664795,-147.4347991943
148.383682251,-146.8212890625
147.7912445068,-146.2642974854
147.140411377,-145.6234893799
146.5841217041,-145.0469055176
145.9674530029,-144.3695526123
145.4458007813,-143.7587280273
144.8647766113,-143.0299835205
144.3167877197,-142.2888793945
143.859954834,-141.6246032715
143.4229431152,-140.9430389404
142.954788208,-140.1541595459
142.5106658936,-139.3392791748
142.1436157227,-138.6113586426
141.7986450195,-137.8801269531
141.4285430908,-137.0454711914
141.0660247803,-136.176651001
140.7690429688,-135.4241333008
140.4019470215,-134.4365234375
140.0254516602,-133.3589935303
139.7334442139,-132.4836883545
139.4866485596,-131.7206878662
139.2053833008,-130.8319549561
138.870803833,-129.760848999
138.600479126,-128.8926849365
138.3297424316,-128.0230102539
138.0919647217,-127.2576751709
137.8262634277,-126.3917922974
137.4791717529,-125.2194519043
137.2136535645,-124.2645187378
136.940322876,-123.1962585449
136.7412567139,-122.3389053345
136.4948577881,-121.1519088745
136.3311157227,-120.2724609375
136.1812591553,-119.4108047485
136.0369415283,-118.546836853
135.8934020996,-117.6669387817
135.7532043457,-116.7914505005
135.5626525879,-115.5692367554
135.4282531738,-114.6848602295
135.2965393066,-113.8001327515
135.1673278809,-112.9134521484
135.0390472412,-112.0134658813
134.9155578613,-111.1271057129
134.8073883057,-110.3333206177
134.6891479492,-109.446182251
134.5297088623,-108.2150650024
134.4196777344,-107.3399887085
134.2699279785,-106.1103668213
134.168548584,-105.2314910889
134.0410003662,-104.021522522
133.959854126,-103.152633667
133.8939666748,-102.3520889282
133.8336639404,-101.4903030396
133.784286499,-100.6051330566
133.7481384277,-99.7351608276
133.7227020264,-98.7489929199
133.7158508301,-97.6477127075
133.7268371582,-96.77684021
133.751373291,-95.9067230225
133.7879333496,-95.0043792725
133.8315429688,-94.1226272583
133.8808898926,-93.2612075806
133.937210083,-92.4050292969
134.0035095215,-91.5343551636
134.1131286621,-90.3234863281
134.2092285156,-89.4091415405
134.3115539551,-88.5390319824
134.4221191406,-87.6875457764
134.5422210693,-86.8423233032
134.6746673584,-85.9848403931
134.8732910156,-84.8205871582
135.0349273682,-83.9742584229
135.2125396729,-83.136756897
135.4081115723,-82.3130645752
135.6190948486,-81.5214385986
135.9337005615,-80.483543396
136.3218383789,-79.3784713745
136.6355285645,-78.5934829712
137.0036773682,-77.7659454346
137.4700622559,-76.8346176147
137.9514770508,-75.9841308594
138.4384002686,-75.2141265869
138.9293670654,-74.5155181885
139.5532226563,-73.7229537964
140.2177581787,-72.9814987183
140.8593597412,-72.3522415161
141.4764556885,-71.8149414063
142.1329040527,-71.3064117432
142.8401947021,-70.8208236694
143.7245025635,-70.2947692871
144.6994628906,-69.8057327271
145.4888305664,-69.4720306396
146.3012542725,-69.1792373657
147.379699707,-68.8604888916
148.302154541,-68.6425933838
149.0907897949,-68.4879684448
149.9142608643,-68.3503417969
150.797088623,-68.221206665
151.7715301514,-68.0892105103
152.5738983154,-67.9833450317
153.5599060059,-67.8531341553
154.3746643066,-67.7461090088
155.420715332,-67.6077880859
156.2987060547,-67.489074707
157.3776550293,-67.340133667
158.2970428467,-67.2105331421
159.3021697998,-67.0659790039
160.1289215088,-66.9462280273
161.0462188721,-66.8160858154
162.1127471924,-66.6707077026
162.9410858154,-66.5625305176
163.8989868164,-66.4430084229
164.8380279541,-66.3329849243
166.0463867188,-66.2025375366
167.0293579102,-66.1056060791
167.906463623,-66.027015686
168.7793884277,-65.9577560425
169.6716918945,-65.8960952759
170.6706085205,-65.8380126953
171.5100708008,-65.7983856201
172.4065856934,-65.7651901245
173.4482727051,-65.7375869751
174.2698974609,-65.7225036621
175.1904907227,-65.7114028931
176.2392120361,-65.7063217163
177.0449981689,-65.7075424194
177.8451538086,-65.7122421265
178.7996673584,-65.7209091187
179.8913879395,-65.7338256836
180.9747467041,-65.7497024536
181.7969665527,-65.7635650635
182.7717590332,-65.7818756104
183.8836212158,-65.8048477173
184.7075195313,-65.8220672607
185.6717529297,-65.8414764404
186.7930297852,-65.8618850708
187.666809082,-65.8751144409
188.5016174316,-65.8852310181
189.471496582,-65.8937759399
190.5808868408,-65.8990631104
191.4310302734,-65.899848938
192.4320983887,-65.8983306885
193.4347229004,-65.8955154419
194.4112243652,-65.8912811279
195.6036834717,-65.8844680786
196.4373321533,-65.8788146973
197.4213409424,-65.8712615967
198.6201782227,-65.8607635498
199.7391967773,-65.8488693237
200.593963623,-65.8375930786
201.7266998291,-65.8198928833
202.7275085449,-65.8014373779
203.6254577637,-65.7825088501
204.7688293457,-65.7551269531
205.7608032227,-65.7283706665
206.659942627,-65.701675415
207.5445709229,-65.6731719971
208.5496063232,-65.6381149292
209.7151489258,-65.5946502686
210.5734558105,-65.5616455078
211.7316741943,-65.5172576904
212.7425079346,-65.4800415039
213.7444152832,-65.444519043
214.7763671875,-65.4078674316
215.9267883301,-65.3657455444
216.7838287354,-65.3335800171
217.8021087646,-65.2942199707
218.951965332,-65.2480239868
219.8041534424,-65.212387085
220.8030395508,-65.1685256958
221.9275665283,-65.1164321899
222.9211273193,-65.0679550171
224.0626373291,-65.0093078613
224.9096679688,-64.9637374878
225.9159393311,-64.9073486328
227.0401916504,-64.8426208496
227.8723754883,-64.7946777344
228.7827148438,-64.7426528931
229.7738494873,-64.6863479614
230.9054107666,-64.6227722168
231.737487793,-64.5766525269
232.8191223145,-64.5175552368
233.7916717529,-64.4652557373
234.7696228027,-64.4134750366
235.8395080566,-64.3577575684
236.918258667,-64.3025588989
237.8323974609,-64.2565612793
238.7502288818,-64.2110977173
239.7901916504,-64.1604537964
240.8475494385,-64.109916687
241.7674407959,-64.066734314
242.7788085938,-64.0208587646
243.6458282471,-63.9841651917
244.6172332764,-63.9464111328
245.4713592529,-63.9160728455
246.4280548096,-63.8853797913
247.5858306885,-63.8533744812
248.4926300049,-63.8325424194
249.8262786865,-63.8086853027
250.8784484863,-63.7956390381
251.7024536133,-63.7889938354
252.6923980713,-63.7851295471
253.7809753418,-63.7863845825
254.7429962158,-63.7930297852
255.8007965088,-63.8071708679
256.823638916,-63.8277397156
257.7641601563,-63.8553390503
258.5899963379,-63.8873329163
259.3907775879,-63.9260139465
260.2014465332,-63.9736938477
261.2717895508,-64.0495376587
262.0706481934,-64.1155090332
262.9485473633,-64.196105957
263.830291748,-64.2847747803
264.9118652344,-64.4047317505
265.8132019043,-64.5142974854
266.6308288574,-64.6228942871
267.5426635742,-64.7551193237
268.6137084961,-64.927772522
269.5221557617,-65.0905914307
270.3424682617,-65.2524032593
271.2593078613,-65.4506454468
272.079284668,-65.6456985474
272.872833252,-65.8524093628
273.7434082031,-66.0997161865
274.5377197266,-66.3441467285
275.4019165039,-66.6307449341
276.2528686523,-66.9348678589
277.0321960449,-67.2337112427
277.8321838379,-67.5616149902
278.7067565918,-67.9484558105
279.4718933105,-68.3136138916
280.3126220703,-68.7462158203
281.1567687988,-69.2172622681
281.8623046875,-69.6422729492
282.5906677246,-70.1149520874
283.3776550293,-70.6701583862
284.013885498,-71.1571807861
284.8246765137,-71.8379592896
285.4132080078,-72.3856277466
286.1000061035,-73.091796875
286.6826477051,-73.7562561035
287.2324829102,-74.4492492676
287.7954101563,-75.2392501831
288.3945922852,-76.1929397583
288.8180541992,-76.9583740234
289.2439575195,-77.8308258057
289.5942077637,-78.6536331177
289.9307250977,-79.5743560791
290.1752624512,-80.3640975952
290.3995056152,-81.2341842651
290.591583252,-82.1777038574
290.7351379395,-83.1428756714
290.8194580078,-83.9585418701
290.8836975098,-84.8788528442
290.9277648926,-85.76978302
290.9620666504,-86.5765609741
290.997253418,-87.3903045654
291.0333862305,-88.1946563721
291.0765686035,-89.189125061
291.1102294922,-90.0121383667
291.1430664063,-90.8532791138
291.178314209,-91.8062210083
291.2158203125,-92.8875045776
291.2474975586,-93.8653945923
291.2808837891,-94.9515762329
291.313659668,-96.049156189
291.3394165039,-96.9432296753
291.3618469238,-97.7449951172
291.390411377,-98.8025588989
291.4137268066,-99.696685791
291.439666748,-100.7323379517
291.4670410156,-101.8758850098
291.4931030273,-103.0218811035
291.5183410645,-104.19190979
291.5421447754,-105.3613433838
291.5584716797,-106.2062835693
291.5760192871,-107.1589355469
291.5909423828,-108.0073547363
291.6086425781,-109.078666687
291.625213623,-110.1486816406
291.6375732422,-111.0065002441
291.6506347656,-111.9731750488
291.6654052734,-113.1602935791
291.6776428223,-114.2423629761
291.6866455078,-115.1136779785
291.6968383789,-116.1997756958
291.7052001953,-117.0954055786
291.7147521973,-118.0556869507
291.723815918,-118.9212112427
291.7334899902,-119.7237091064
291.7510986328,-120.92578125
291.7698669434,-122.008026123
291.7872619629,-122.8867721558
291.8051757813,-123.7048416138
291.8262939453,-124.5840530396
291.8518981934,-125.5565719605
291.8769836426,-126.4287109375
291.9128723145,-127.5143203735
291.9477539063,-128.4099884033
291.984375,-129.2131958008
292.0319213867,-130.0957794189
292.084197998,-130.9302215576
292.1420898438,-131.7453765869
292.2261352539,-132.7894134521
292.3005371094,-133.6147003174
292.4172973633,-134.776184082
292.5373840332,-135.8452148438
292.6371459961,-136.65184021
292.7615966797,-137.5756378174
292.9307250977,-138.7118682861
293.0621948242,-139.5076141357
293.2496032715,-140.5306549072
293.4850463867,-141.6778564453
293.6657714844,-142.4740753174
293.8634033203,-143.2718658447
294.0788879395,-144.0669555664
294.4169006348,-145.1881561279
294.6811523438,-145.9778289795
295.0444030762,-146.9633636475
295.3486938477,-147.716293335
295.7229309082,-148.5677490234
296.2680053711,-149.6829528809
296.8635559082,-150.7609405518
297.3350524902,-151.5304107666
297.903503418,-152.376159668
298.4981689453,-153.1785430908
299.2099304199,-154.0416412354
299.8247375488,-154.7121124268
300.5554504395,-155.4329681396
301.3270874023,-156.1169281006
302.13671875,-156.760345459
303.0594177246,-157.4124298096
303.8380126953,-157.9025421143
304.8617858887,-158.4716339111
305.6971130371,-158.8782348633
306.6493835449,-159.2857208252
307.6232299805,-159.6489257813
308.6254272461,-159.973526001
309.650604248,-160.2568664551
310.6554870605,-160.4887695313
311.8059997559,-160.7020111084
312.6110229492,-160.821395874
313.4088439941,-160.9180603027
314.4404296875,-161.0158996582
315.3508605957,-161.0823669434
316.1608276367,-161.1293334961
317.1821899414,-161.1751556396
318.212310791,-161.2069091797
319.1303710938,-161.2241973877
320.252746582,-161.2320709229
321.3778381348,-161.225189209
322.2786865234,-161.2091674805
323.2764892578,-161.1824645996
324.3019714355,-161.1494293213
325.1876831055,-161.1209411621
326.3158569336,-161.0904541016
327.2272338867,-161.0729064941
328.048248291,-161.0634002686
328.9417114258,-161.0598144531
330.0581054688,-161.0643463135
330.9550170898,-161.0744934082
331.9669189453,-161.0931396484
332.8631591797,-161.1159210205
334.0062866211,-161.1536254883
335.2522888184,-161.2070617676
336.0648498535,-161.2489929199
336.9804077148,-161.3019714355
338.1125183105,-161.3722076416
339.0171813965,-161.4301757813
340.0535583496,-161.4966125488
341.1845092773,-161.5661621094
342.0961914063,-161.6197662354
343.1985778809,-161.6814575195
344.0934753418,-161.7282867432
345.1790466309,-161.7805786133
346.2779541016,-161.8257293701
347.1706237793,-161.85546875
348.411315918,-161.8857879639
349.283782959,-161.8977661133
350.296081543,-161.8994750977
351.4078369141,-161.8831176758
352.2848510742,-161.8560638428
353.285369873,-161.8095703125
354.2789306641,-161.7438201904
355.3633117676,-161.6453704834
356.4357299805,-161.5175170898
357.23046875,-161.4016723633
358.1129455566,-161.2497406006
359.2580871582,-161.0114593506
360.4056091309,-160.7194519043
361.219909668,-160.4753723145
362.333984375,-160.0846099854
363.3971252441,-159.6414642334
364.1561584473,-159.2772216797
365.0838623047,-158.770614624
366.0624084473,-158.1532897949
366.7369384766,-157.6707305908
367.610748291,-156.9643707275
368.4263305664,-156.2069244385
369.061920166,-155.5369567871
369.7091674805,-154.7661132813
370.1917419434,-154.1199188232
370.7884216309,-153.2117767334
371.2031555176,-152.4877929688
371.5696716309,-151.7640075684
372.009765625,-150.75730896
372.2987060547,-149.989730835
372.637878418,-148.9547271729
372.9313049316,-147.8989105225
373.134552002,-147.0251312256
373.3217773438,-146.0340423584
373.456237793,-145.1022949219
373.5583496094,-144.0840148926
373.6066589355,-143.273223877
373.6290588379,-142.2444610596
373.6212158203,-141.4367218018
373.5965576172,-140.6164855957
373.5618286133,-139.8054504395
373.5216674805,-138.9890136719
373.4640808105,-137.8608551025
373.421875,-137.0336761475
373.3622131348,-135.9133605957
373.3159179688,-135.1035461426
373.267791748,-134.3029632568
373.1971740723,-133.1965332031
373.1219482422,-132.092956543
373.0647583008,-131.2940368652
373.0060119629,-130.4846801758
372.9287719727,-129.3806152344
372.8772583008,-128.5778808594
372.8172302246,-127.4863739014
372.7714233398,-126.3869857788
372.7459411621,-125.5177993774
372.7267456055,-124.3487243652
372.7229614258,-123.460144043
372.7281799316,-122.367149353
372.7440795898,-121.2092285156
372.7635803223,-120.3354568481
372.7980041504,-119.2742767334
372.847442627,-118.17578125
372.9153747559,-117.0048294067
372.9764709473,-116.1318511963
373.0663146973,-115.0299301147
373.1479187012,-114.1540603638
373.2512512207,-113.1623840332
373.3529663086,-112.2792434692
373.4994506836,-111.1151428223
373.6528930664,-109.9869613647
373.8098449707,-108.9075469971
373.9388122559,-108.0539245605
374.1036987305,-106.9915237427
374.2299499512,-106.1967391968
374.4017944336,-105.1394882202
374.5381469727,-104.3186950684
374.687286377,-103.4385528564
374.8559570313,-102.4629440308
375.009979248,-101.5902023315
375.1981506348,-100.5457305908
375.3485717773,-99.7278366089
375.5438537598,-98.6861724854
375.7627258301,-97.5440597534
375.9849243164,-96.410369873
376.1544799805,-95.5620574951
376.3715820313,-94.4960327148
376.610748291,-93.3531036377
376.7952270508,-92.4979782104
377.0244445801,-91.4647140503
377.2281188965,-90.57421875
377.4760742188,-89.5356063843
377.7621765137,-88.4069595337
378.0643310547,-87.2911682129
378.3061218262,-86.448387146
378.6130065918,-85.441734314
378.9655456543,-84.3652496338
379.2612304688,-83.5233306885
379.6228027344,-82.569229126
379.9580383301,-81.7563858032
380.4077148438,-80.7683563232
380.8943786621,-79.8206710815
381.3227539063,-79.0791473389
381.7589111328,-78.400390625
382.4252624512,-77.4833221436
383.1467590332,-76.6206893921
383.7260742188,-76.0064315796
384.486114502,-75.2881698608
385.3759155273,-74.5535125732
386.2602233887,-73.9191818237
387.0408630371,-73.4283905029
387.913848877,-72.9468841553
388.7276000977,-72.5538253784
389.6701049805,-72.1558837891
390.4412536621,-71.8713607788
391.439666748,-71.5534820557
392.2495117188,-71.331199646
393.2916564941,-71.0783233643
394.1248779297,-70.8911819458
394.9410400391,-70.7116012573
396.0907287598,-70.4599533081
397.2097473145,-70.2165985107
398.0463562012,-70.0372314453
399.1102905273,-69.8156738281
400.0387268066,-69.6299819946
400.8500366211,-69.4739456177
401.8807067871,-69.2843780518
402.7123413086,-69.1382293701
403.7614440918,-68.9612503052
404.5903320313,-68.8261184692
405.7414855957,-68.6447372437
406.795135498,-68.4851913452
407.6245117188,-68.3638534546
408.6995239258,-68.2121429443
409.5539245605,-68.0954589844
410.6131591797,-67.9544296265
411.5234375,-67.8367004395
412.6488647461,-67.6954727173
413.4896240234,-67.5934524536
414.3200378418,-67.4958648682
415.1674804688,-67.3993911743
416.134765625,-67.2932357788
416.9878540039,-67.2030792236
418.1407775879,-67.0864028931
418.9733886719,-67.0058441162
420.1352539063,-66.8980865479
421.2809143066,-66.7969055176
422.1409606934,-66.7242889404
423.1937866211,-66.6392288208
424.0588989258,-66.5725097656
425.1164855957,-66.4941864014
425.9835510254,-66.4320907593
427.1665649414,-66.3506698608
428.0194702148,-66.2942504883
429.0848083496,-66.2264709473
429.9298706055,-66.1748046875
431.0951843262,-66.1066207886
431.9593200684,-66.0583496094
433.1065673828,-65.9972457886
433.9706115723,-65.9534378052
435.0348205566,-65.9010009766
435.8796691895,-65.8604202271
437.0323486328,-65.8066329956
438.2033081055,-65.7537536621
439.0477905273,-65.7167205811
440.1084289551,-65.6715087891
441.0551147461,-65.6323623657
442.0222473145,-65.5935668945
442.8719177246,-65.5604705811
444.0545349121,-65.515953064
444.9340515137,-65.4840011597
446.1250305176,-65.4423141479
447.0195617676,-65.4122161865
448.2046813965,-65.373916626
449.0595092773,-65.3473968506
449.9141845703,-65.3218307495
450.7559814453,-65.2975616455
451.5908508301,-65.2743911743
452.7527770996,-65.2436141968
453.5927124023,-65.222442627
454.7630310059,-65.1944503784
455.5931396484,-65.1757125854
456.7534179688,-65.1510772705
457.9619445801,-65.1273345947
458.8327331543,-65.1114425659
460.0122680664,-65.091545105
461.1714782715,-65.0737991333
462.0285949707,-65.0618438721
463.2110595703,-65.0469589233
464.0851745605,-65.0371704102
465.0664978027,-65.0273895264
466.148223877,-65.018119812
467.0197143555,-65.0117950439
467.8953552246,-65.0064620972
468.7667541504,-65.002166748
469.6484375,-64.9988708496
470.8241271973,-64.99609375
472.0042114258,-64.9951705933
472.8600769043,-64.9956588745
473.7235717773,-64.9971542358
474.9231872559,-65.0008926392
475.781036377,-65.0047454834
476.9743652344,-65.0117492676
478.158203125,-65.0212173462
479.0342712402,-65.0326080322
480.2364196777,-65.0579299927
481.0927124023,-65.0830383301
481.9507446289,-65.1142196655
483.1363830566,-65.1674957275
483.9966430664,-65.2136154175
485.1829223633,-65.2875213623
486.3665771484,-65.3732147217
487.2284240723,-65.443359375
488.4002990723,-65.5522460938
489.5906677246,-65.6829986572
490.4393920898,-65.7917251587
491.7217712402,-65.9877624512
492.8159790039,-66.1925582886
493.6621704102,-66.3802719116
494.8027954102,-66.6828384399
495.9426879883,-67.052154541
496.7608032227,-67.3645172119
497.6750183105,-67.7666473389
498.5600280762,-68.2143936157
499.4238891602,-68.7118759155
500.3430786133,-69.3124237061
501.0802307129,-69.8480987549
501.8653869629,-70.4728393555
502.5201721191,-71.0405578613
503.3052978516,-71.7841262817
503.9833984375,-72.488571167
504.6270141602,-73.2187728882
505.3656005859,-74.1432647705
505.9871520996,-75.00730896
506.6104431152,-75.9709777832
507.1979675293,-76.9918899536
507.6817321777,-77.9390640259
508.1272888184,-78.9253463745
508.5346679688,-79.9588088989
508.8158874512,-80.7763977051
509.1003112793,-81.7298583984
509.3637390137,-82.7774429321
509.5512695313,-83.6359939575
509.7440795898,-84.606010437
509.9235839844,-85.5886535645
510.0860290527,-86.5641098022
510.2538452148,-87.6599578857
510.3775939941,-88.5386886597
510.5061645508,-89.5341186523
510.6080322266,-90.4004211426
510.7122497559,-91.3849182129
510.8034362793,-92.3630523682
510.8980102539,-93.548614502
510.9714050293,-94.6276931763
511.0224914551,-95.495223999
511.0739746094,-96.5013656616
511.1199035645,-97.5126037598
511.1560058594,-98.3976211548
511.1896057129,-99.3042144775
511.2252197266,-100.2913360596
511.2650146484,-101.4014663696
511.2972106934,-102.3081436157
511.3332214355,-103.330078125
511.3703308105,-104.3442382813
511.4126586914,-105.4394836426
511.4582824707,-106.5611877441
511.5047302246,-107.6500854492
511.5433044434,-108.5162582397
511.5888977051,-109.5029296875
511.6455078125,-110.6760559082
511.6996765137,-111.7529830933
511.7561950684,-112.8325881958
511.8212890625,-114.0264511108
511.8694458008,-114.880317688
511.9265136719,-115.8619613647
511.9765930176,-116.6998596191
512.0443725586,-117.7983779907
512.119140625,-118.9719009399
512.1879882813,-120.0396728516
512.2516479492,-121.0178985596
512.3067626953,-121.8580551147
512.3773803711,-122.9257659912
512.4501953125,-124.0174102783
512.5078125,-124.8749313355
512.5723876953,-125.8278503418
512.6443481445,-126.8829879761
512.7030639648,-127.7368545532
512.7611083984,-128.5814971924
512.8258666992,-129.5401611328
512.881652832,-130.3768463135
512.9511108398,-131.4326019287
513.0130615234,-132.3914642334
513.0748901367,-133.3643188477
513.1281738281,-134.2175292969
513.1943359375,-135.2913513184
513.2459106445,-136.1445922852
513.3082275391,-137.1920318604
513.3584594727,-138.0510101318
513.4142456055,-139.0216217041
513.4736328125,-140.0750579834
513.5198364258,-140.9107208252
513.5839233398,-142.0923309326
513.6393432617,-143.1386260986
513.6987304688,-144.2851257324
513.7569580078,-145.436340332
513.7979736328,-146.2646484375
513.8534545898,-147.4070739746
513.893737793,-148.2571716309
513.942199707,-149.3017120361
513.9808959961,-150.1559906006
514.0233764648,-151.1128997803
514.0601196289,-151.9606781006
514.1051635742,-153.0244903564
514.1524658203,-154.1712646484
514.198425293,-155.3205871582
514.2313842773,-156.1661224365
514.2760620117,-157.3120422363
514.3177490234,-158.3778533936
514.3588256836,-159.4256439209
514.3929443359,-160.2906188965
514.4348144531,-161.3529205322
514.4780273438,-162.4454803467
514.5123901367,-163.3089447021
514.5545043945,-164.3663787842
514.588684082,-165.2209320068
514.6369018555,-166.4212036133
514.6794433594,-167.4766540527
514.7138061523,-168.3263397217
514.7609863281,-169.4898529053
514.7956542969,-170.3430633545
514.8396606445,-171.420211792
514.875793457,-172.2788085938
514.9213256836,-173.3277740479
514.9592285156,-174.1748199463
515.0119628906,-175.318649292
515.0664672852,-176.4584503174
515.1087036133,-177.2932739258
515.1535644531,-178.1267700195
515.2202758789,-179.2807312012
515.2958374023,-180.4892272949
515.3543701172,-181.3681640625
515.4371948242,-182.5371856689
515.5182495117,-183.61328125
515.6122436523,-184.7901306152
515.703918457,-185.8642883301
515.7817382813,-186.7183685303
515.8626098633,-187.5529022217
515.9490966797,-188.3889923096
516.0391845703,-189.203704834
516.1879882813,-190.4400787354
516.3118896484,-191.3782043457
516.4295654297,-192.2069702148
516.602355957,-193.3193511963
516.7424316406,-194.1379089355
516.8919067383,-194.9432525635
517.0563354492,-195.7619171143
517.3107910156,-196.9042358398
517.5048217773,-197.6884002686
517.7161865234,-198.4713439941
518.0129394531,-199.4701538086
518.2722167969,-200.2646789551
518.6326904297,-201.2714385986
518.9673461914,-202.1254119873
519.2868652344,-202.8818511963
519.7440185547,-203.8826141357
520.1136474609,-204.6325378418
520.6465454102,-205.6324310303
521.1689453125,-206.5302886963
521.6157836914,-207.2413024902
522.0818481445,-207.9322052002
522.5701293945,-208.6049346924
523.2767333984,-209.4974365234
523.8107299805,-210.1152954102
524.3677978516,-210.713760376
525.1768798828,-211.5073242188
525.7838134766,-212.0491027832
526.5792236328,-212.6959686279
527.4869995117,-213.3550872803
528.4476928711,-213.9681243896
529.4602050781,-214.5271606445
530.2581787109,-214.9075317383
531.1883544922,-215.2862854004
532.0358276367,-215.5743103027
532.9880981445,-215.8344421387
534.149230957,-216.0617370605
534.9476928711,-216.1615905762
536.0500488281,-216.2252807617
537.1693725586,-216.2027282715
537.994934082,-216.1294708252
538.7965087891,-216.0116729736
539.5902709961,-215.8485107422
540.3709106445,-215.6412963867
541.1518554688,-215.3854370117
542.1038208008,-215.0036010742
542.830871582,-214.6563110352
543.5347290039,-214.2699890137
544.4884033203,-213.6588745117
545.3942260742,-212.9746856689
546.0213623047,-212.4389190674
546.6291503906,-211.8702850342
547.3446655273,-211.1378326416
547.8892211914,-210.5344696045
548.4168701172,-209.9135284424
549.07421875,-209.0936431885
549.5806274414,-208.4341125488
550.2044677734,-207.5990753174
550.7012939453,-206.9235839844
551.3671875,-206.0134735107
552.0548095703,-205.0728302002
552.552734375,-204.3912658691
553.2569580078,-203.4275360107
553.9547119141,-202.4738464355
554.4802856445,-201.7604827881
555.1186523438,-200.9028015137
555.6401367188,-200.2091522217
556.3541259766,-199.2714233398
556.8635864258,-198.6128692627
557.5021972656,-197.7992706299
558.0285644531,-197.1384124756
558.6744995117,-196.3369293213
559.2690429688,-195.6076965332
559.7896118164,-194.9760437012
560.515625,-194.105255127
561.0546875,-193.4662017822
561.5895385742,-192.8384552002
562.2916870117,-192.0237884521
562.8495483398,-191.385635376
563.5385131836,-190.6089019775
564.158203125,-189.920715332
564.7223510742,-189.302734375
565.2855224609,-188.694152832
565.8396606445,-188.1039733887
566.4085083008,-187.5069885254
567.176574707,-186.7145996094
567.7453613281,-186.1376953125
568.5915527344,-185.2945251465
569.4466552734,-184.4606628418
570.2299194336,-183.7120819092
571.0970458984,-182.9000701904
571.9625854492,-182.1067352295
572.7630004883,-181.3895111084
573.4215698242,-180.8112335205
574.3159179688,-180.0424041748
574.932434082,-179.5233612061
575.5501708984,-179.0120239258
576.3971557617,-178.3246459961
577.1064453125,-177.7615203857
578.0401000977,-177.0383300781
578.7365722656,-176.51171875
579.6047363281,-175.8702697754
580.4994506836,-175.2262878418
581.2272949219,-174.71484375
582.043762207,-174.1541442871
583.0302124023,-173.4945526123
583.9912719727,-172.8702545166
584.6675415039,-172.4416046143
585.6051635742,-171.8614044189
586.5838012695,-171.2730560303
587.2890014648,-170.8597412109
588.076171875,-170.4087219238
588.9659423828,-169.9118499756
589.6692504883,-169.5285949707
590.4439086914,-169.116027832
591.4049682617,-168.6179046631
592.3646240234,-168.135345459
593.143737793,-167.7543487549
594.1100463867,-167.2963256836
595.1849365234,-166.8066558838
596.2431640625,-166.3444061279
597.2548217773,-165.9217224121
598.2221679688,-165.5363311768
599.1765136719,-165.1736297607
600.109375,-164.8357543945
601.0269165039,-164.5191497803
601.9468994141,-164.2170410156
602.8299560547,-163.94140625
603.6834716797,-163.6901397705
604.487121582,-163.4674224854
605.4621582031,-163.2168273926
606.3656005859,-163.0037689209
607.24609375,-162.8135070801
608.1075439453,-162.6471710205
608.995300293,-162.4966583252
609.8374633789,-162.3735961914
610.6478881836,-162.2741851807
611.4950561523,-162.1923522949
612.3665771484,-162.1323547363
613.2346191406,-162.0957946777
614.1505737305,-162.0815429688
615.1146240234,-162.0940246582
615.9361572266,-162.1293792725
616.8967285156,-162.2018737793
617.9580688477,-162.3228149414
618.7790527344,-162.4483184814
619.5794677734,-162.6008300781
620.3844604492,-162.7876281738
621.2247314453,-163.0258789063
622.0147705078,-163.291305542
622.8026123047,-163.5972137451
623.6407470703,-163.9705963135
624.3850708008,-164.3478851318
625.1411132813,-164.779800415
625.8543701172,-165.23828125
626.5684204102,-165.7537841797
627.2382202148,-166.2916107178
627.8854370117,-166.8595733643
628.5158081055,-167.4574127197
629.1328125,-168.0836486816
629.7191162109,-168.7163085938
630.2927856445,-169.3763885498
630.8409423828,-170.0497436523
631.3605957031,-170.7310943604
631.8641357422,-171.4369506836
632.3571777344,-172.1777648926
632.8187255859,-172.9228515625
633.2569580078,-173.6844482422
633.6461181641,-174.4128112793
634.0330810547,-175.1950531006
634.3952026367,-175.9903106689
634.7358398438,-176.8081054688
635.0447387695,-177.623046875
635.3335571289,-178.4669952393
635.5833740234,-179.2816619873
635.8128662109,-180.1254882813
636.0032958984,-180.9228515625
636.208984375,-181.9370269775
636.3784790039,-182.9877929688
636.4854736328,-183.8727264404
636.5606689453,-184.7822418213
636.59765625,-185.6232757568
636.6021118164,-186.5943145752
636.5693359375,-187.5030822754
636.496887207,-188.4526519775
636.3848266602,-189.4026489258
636.2592773438,-190.2133178711
636.0938720703,-191.0810852051
635.8674316406,-192.0632781982
635.6594848633,-192.8444519043
635.4060668945,-193.6938171387
635.0967407227,-194.6184692383
634.8110351563,-195.393661499
634.4702148438,-196.2507324219
634.1447143555,-197.0186157227
633.7526855469,-197.8952331543
633.309387207,-198.8430633545
632.9118041992,-199.667098999
632.4553222656,-200.5918579102
632,-201.4989013672
631.5733032227,-202.3373565674
631.1875,-203.0867156982
630.7412109375,-203.9433288574
630.2409667969,-204.8910369873
629.767578125,-205.7756958008
629.2436523438,-206.7411804199
628.8131713867,-207.5217590332
628.3195800781,-208.4026641846
627.7767944336,-209.3591918945
627.2243652344,-210.3204498291
626.7127075195,-211.1993103027
626.2965698242,-211.906539917
625.8694458008,-212.6253509521
625.3321533203,-213.519821167
624.8969116211,-214.236541748
624.2932739258,-215.2194824219
623.7224731445,-216.1369018555
623.0455932617,-217.2106170654
622.5328979492,-218.0137481689
622.0147094727,-218.8167572021
621.4909057617,-219.6197662354
621.0142822266,-220.3431243896
620.3589477539,-221.326461792
619.6282958984,-222.4078674316
619.079284668,-223.2103118896
618.5846557617,-223.9260864258
617.9087524414,-224.8932037354
617.4024658203,-225.6097564697
616.842590332,-226.3940734863
616.3333740234,-227.1003875732
615.6880493164,-227.9862213135
615.1510620117,-228.7156524658
614.4766845703,-229.6251525879
613.8765869141,-230.4287261963
613.184387207,-231.3489532471
612.6532592773,-232.0511932373
611.9875488281,-232.9311523438
611.37109375,-233.7466278076
610.8388671875,-234.450958252
610.1620483398,-235.3471984863
609.6319580078,-236.0497436523
608.9686279297,-236.9294433594
608.4353637695,-237.6373443604
607.7608642578,-238.5336608887
607.2283935547,-239.2416687012
606.5625,-240.1277923584
606.0346069336,-240.8313598633
605.376159668,-241.7119598389
604.852355957,-242.4145202637
604.2544555664,-243.2195281982
603.7240600586,-243.9370422363
603.2479248047,-244.5836029053
602.7290649414,-245.2910308838
602.026550293,-246.2537689209
601.3096313477,-247.2419891357
600.576171875,-248.2590637207
599.8537597656,-249.2669830322
599.3763427734,-249.9365234375
598.8627319336,-250.6596221924
598.3491821289,-251.3858947754
597.7054443359,-252.3002929688
596.9978637695,-253.3061981201
596.4802246094,-254.0418548584
595.7748413086,-255.0437469482
595.0618286133,-256.0557861328
594.5972290039,-256.712677002
594.0747680664,-257.4483032227
593.4183959961,-258.3681335449
592.94921875,-259.0223693848
592.4155883789,-259.763092041
591.8864746094,-260.4918212891
591.2119140625,-261.4104919434
590.5430908203,-262.3088378906
589.9942626953,-263.033416748
589.2376098633,-264.0116271973
588.4547119141,-264.9993591309
587.7439575195,-265.8754577637
587.163269043,-266.5769958496
586.4340820313,-267.4405212402
585.8456420898,-268.1239929199
585.2606811523,-268.7915039063
584.5126342773,-269.627532959
583.9460449219,-270.2458190918
583.3477783203,-270.8839416504
582.732421875,-271.5246887207
581.9424438477,-272.3235168457
581.0590820313,-273.1834411621
580.2431030273,-273.9481201172
579.5686645508,-274.5596618652
578.6387939453,-275.373626709
577.7055053711,-276.1581115723
577.0317993164,-276.7052001953
576.1578979492,-277.3916931152
575.4337158203,-277.9414672852
574.6056518555,-278.5497741699
573.9534912109,-279.0140075684
573.1926269531,-279.539642334
572.1340942383,-280.2432556152
571.0849609375,-280.9101257324
570.1246948242,-281.494720459
569.4161987305,-281.9102172852
568.6217651367,-282.3601074219
567.7039794922,-282.8595581055
566.796875,-283.3323669434
565.8851928711,-283.7871704102
565.0791015625,-284.1727600098
563.9432983398,-284.6907653809
562.8110961914,-285.1824645996
561.9753417969,-285.5324707031
560.9415283203,-285.9530944824
560.1140136719,-286.2807006836
559.0885620117,-286.675567627
558.2620849609,-286.9851379395
557.2872924805,-287.3404541016
556.4183349609,-287.6483154297
555.3612670898,-288.0122680664
554.4909057617,-288.3042297363
553.4225463867,-288.6537475586
552.5568847656,-288.9313049316
551.376953125,-289.3045349121
550.3123168945,-289.6371154785
549.4721679688,-289.8973083496
548.4768066406,-290.2059936523
547.5922851563,-290.4822387695
546.5296020508,-290.8165283203
545.7534790039,-291.0625
544.8704833984,-291.344909668
543.7015991211,-291.7272033691
542.5082397461,-292.1311950684
541.4630126953,-292.4983825684
540.6332397461,-292.8004760742
539.7948608398,-293.1168823242
538.7513427734,-293.5267028809
537.9217529297,-293.8661193848
536.8989868164,-294.3051147461
536.1553344727,-294.6407470703
535.3522338867,-295.01953125
534.3551635742,-295.5149841309
533.5565795898,-295.9347229004
532.4756469727,-296.5402526855
531.7128295898,-296.995513916
530.6623535156,-297.6625061035
529.9147949219,-298.1683044434
529.0888671875,-298.7616882324
528.4437866211,-299.253112793
527.7590332031,-299.8039245605
526.8363037109,-300.5995483398
526.0120239258,-301.3709106445
525.3072509766,-302.0833740234
524.6393432617,-302.8106079102
524.0704345703,-303.4754943848
523.5657958984,-304.1054077148
522.90625,-304.9942016602
522.4125366211,-305.7156982422
521.7819213867,-306.721282959
521.1973266602,-307.7566223145
520.8056030273,-308.5195617676
520.3458862305,-309.5048828125
520.0059814453,-310.3123474121
519.6949462891,-311.1276855469
519.3493652344,-312.1476745605
519.1047973633,-312.9694213867
518.8867797852,-313.7931213379
518.6912231445,-314.6192626953
518.5169677734,-315.4302978516
518.3541870117,-316.257019043
518.2050170898,-317.0905761719
518.025390625,-318.2265625
517.8700561523,-319.3781433105
517.7733154297,-320.2086791992
517.6581420898,-321.3601989746
517.5868530273,-322.1962890625
517.5177001953,-323.1234130859
517.442199707,-324.2721557617
517.3727416992,-325.4002990723
517.3142700195,-326.3303527832
517.2467651367,-327.356628418
517.1893920898,-328.1908569336
517.1304321289,-329.015838623
517.043762207,-330.1728515625
516.9781494141,-331.008026123
516.9112548828,-331.8290405273
516.8410644531,-332.6607666016
516.7409057617,-333.8000793457
516.6556396484,-334.7355651855
516.5789794922,-335.5543823242
516.4987182617,-336.3948364258
516.4185791016,-337.2299499512
516.3365478516,-338.0807495117
516.2203369141,-339.2816467285
516.1387329102,-340.1268310547
516.0292358398,-341.2753295898
515.9502563477,-342.1159973145
515.8626098633,-343.0612792969
515.7674560547,-344.104675293
515.693359375,-344.9301147461
515.5927734375,-346.0710449219
515.5200805664,-346.9075012207
515.4229736328,-348.046875
515.3273925781,-349.1899414063
515.2576293945,-350.0405273438
515.1829223633,-350.9659729004
515.0932006836,-352.0988464355
515.0288696289,-352.9273376465
514.9645996094,-353.7679748535
514.9037475586,-354.5766296387
514.8435058594,-355.3921508789
514.7847900391,-356.1988830566
514.6981811523,-357.4161376953
514.635559082,-358.3143310547
514.5588989258,-359.4403076172
514.5037231445,-360.2688598633
514.4331665039,-361.3513183594
514.3820800781,-362.15234375
514.3079833984,-363.3424072266
514.2360229492,-364.5317382813
514.1663818359,-365.7198486328
514.0983886719,-366.9143981934
514.0537719727,-367.7195129395
513.9944458008,-368.8188476563
513.9483032227,-369.6990966797
513.9073486328,-370.5002746582
513.8522338867,-371.6195678711
513.8116455078,-372.5048217773
513.7735595703,-373.3887023926
513.7332763672,-374.3979492188
513.7005615234,-375.2869567871
513.6705322266,-376.171081543
513.6348266602,-377.3462524414
513.6032104492,-378.5359802246
513.5846557617,-379.3364257813
513.5614624023,-380.506439209
513.5428466797,-381.6674499512
513.5286865234,-382.826171875
513.5187988281,-384.0221252441
513.5137939453,-384.8951721191
513.5100097656,-385.7754211426
513.5075073242,-386.8451843262
513.5068359375,-387.6487731934
513.5073852539,-388.5435180664
513.5081787109,-389.6127624512
513.5083618164,-390.7273864746
513.5078735352,-391.5610961914
513.5064086914,-392.5043334961
513.5010375977,-393.5422973633
513.491027832,-394.6012878418
513.4802856445,-395.4195556641
513.4661865234,-396.2697143555
513.4498901367,-397.0811767578
513.4306640625,-397.9089355469
513.4075927734,-398.7833862305
513.3817749023,-399.6565551758
513.3511962891,-400.583404541
513.3176879883,-401.5070495605
513.2819213867,-402.4081115723
513.2373046875,-403.3981018066
513.1866455078,-404.3999023438
513.1319580078,-405.3779602051
513.0662231445,-406.4483947754
512.9981079102,-407.4413452148
512.9354858398,-408.2407836914
512.8645629883,-409.0590820313
512.7868652344,-409.8725585938
512.6998901367,-410.6955871582
512.6053466797,-411.5134277344
512.4879150391,-412.437713623
512.341003418,-413.4662475586
512.2078857422,-414.3077697754
512.0512695313,-415.199005127
511.875579834,-416.0927734375
511.6421508789,-417.1402282715
511.4343566895,-417.9707336426
511.2065124512,-418.7944946289
510.957611084,-419.6083984375
510.6907958984,-420.4031982422
510.4139404297,-421.1566162109
510.0572509766,-422.039642334
509.7200622559,-422.8036499023
509.3313903809,-423.6160888672
508.9231567383,-424.4044494629
508.4958496094,-425.1699829102
508.0458374023,-425.9206542969
507.5979919434,-426.6190185547
507.0506896973,-427.4153747559
506.5083618164,-428.1510314941
505.9391784668,-428.8728942871
505.3633728027,-429.5567932129
504.7562255859,-430.2328796387
504.1147155762,-430.9024963379
503.4328308105,-431.568572998
502.7265625,-432.2137451172
502.0308532715,-432.8084411621
501.2452697754,-433.4361572266
500.4850769043,-434.0062866211
499.7196655273,-434.5512390137
499.0085449219,-435.0364990234
498.1159973145,-435.6186523438
497.2844848633,-436.1348266602
496.3612670898,-436.6795654297
495.5919494629,-437.111541748
494.7210693359,-437.5773010254
493.8272094727,-438.0313720703
493.0129089355,-438.4263916016
492.2518005371,-438.7797241211
491.482635498,-439.1214294434
490.7257385254,-439.4442749023
489.9368286133,-439.7684631348
489.0797119141,-440.1089477539
488.1204223633,-440.4790649414
487.1516723633,-440.8436889648
486.2515258789,-441.1766357422
485.3665161133,-441.4984741211
484.321472168,-441.8714599609
483.3360900879,-442.2162780762
482.3545837402,-442.5531005859
481.2872619629,-442.911895752
480.3045349121,-443.2355041504
479.2738037109,-443.5678100586
478.4335327148,-443.8341064453
477.359375,-444.1727905273
476.4585876465,-444.4563598633
475.4442749023,-444.7748413086
474.4652709961,-445.0814208984
473.6405639648,-445.3391418457
472.7317199707,-445.6226196289
471.7047424316,-445.9421081543
470.7204284668,-446.2475280762
469.7321777344,-446.5534362793
468.7462768555,-446.8577880859
467.8281860352,-447.140625
466.7321777344,-447.4772949219
465.704284668,-447.7906188965
464.8038635254,-448.0610351563
463.7282409668,-448.3774414063
462.7487487793,-448.6553344727
461.922454834,-448.8811645508
460.9937438965,-449.126159668
459.9951477051,-449.3789672852
459.1573791504,-449.5826416016
458.3276062012,-449.7769165039
457.4940795898,-449.9645080566
456.6722412109,-450.1409912109
455.8383789063,-450.308380127
455.0055236816,-450.4633483887
454.0508117676,-450.6244812012
453.005065918,-450.7797546387
452.1342773438,-450.892578125
451.2582702637,-450.9899597168
450.3906555176,-451.0683898926
449.3305664063,-451.1382446289
448.4147949219,-451.1745910645
447.426361084,-451.1884155273
446.3591308594,-451.174041748
445.1793212891,-451.1253662109
444.1837463379,-451.0604553223
443.2354736328,-450.9785766602
442.3298339844,-450.8816833496
441.2124938965,-450.7369689941
440.2271728516,-450.586151123
439.3241577148,-450.4286499023
438.4471740723,-450.2578735352
437.5844726563,-450.072479248
436.4391784668,-449.7992858887
435.4548034668,-449.5415649414
434.5733947754,-449.2961120605
433.7766418457,-449.0628662109
432.7897949219,-448.7585754395
432.0111083984,-448.5062255859
431.0992736816,-448.1969909668
430.2102661133,-447.8810424805
429.3367004395,-447.5576171875
428.4304199219,-447.2087402344
427.5540466309,-446.8581542969
426.5946655273,-446.4592895508
425.6419677734,-446.0472106934
424.5992736816,-445.5776367188
423.6609191895,-445.1382446289
422.7436523438,-444.6917419434
422.0278930664,-444.3283996582
421.3059997559,-443.9474182129
420.5088195801,-443.5090637207
419.5627746582,-442.9641723633
418.7207641602,-442.4559936523
417.8068237305,-441.8776550293
417.0536193848,-441.377166748
416.3138427734,-440.8631896973
415.601348877,-440.3464355469
414.7921142578,-439.7309265137
414.1639709473,-439.2295532227
413.4069519043,-438.5961608887
412.8053894043,-438.0679321289
412.1367492676,-437.4524536133
411.4141845703,-436.751739502
410.6795349121,-435.998260498
410.0001220703,-435.2615966797
409.2861633301,-434.4417724609
408.7137145996,-433.7475280762
408.1493225098,-433.0277709961
407.6626586914,-432.3785400391
407.0704650879,-431.551940918
406.5586242676,-430.8070983887
406.0600585938,-430.0595092773
405.6141967773,-429.3760986328
405.0791625977,-428.540222168
404.6484375,-427.8586730957
404.1102600098,-427.0021362305
403.6245117188,-426.2257080078
403.1511535645,-425.4653320313
402.6801757813,-424.7078552246
402.1436767578,-423.8446044922
401.6221313477,-423.0045471191
401.0938110352,-422.1531066895
400.6699829102,-421.4708557129
400.1898498535,-420.6996459961
399.7156677246,-419.9393615723
399.2835388184,-419.2479858398
398.7979125977,-418.4749145508
398.2368164063,-417.5883789063
397.6335754395,-416.64453125
397.031036377,-415.7158813477
396.4201965332,-414.7889709473
395.8729248047,-413.9725036621
395.4168395996,-413.3048400879
394.897644043,-412.5592346191
394.3777770996,-411.8272705078
393.8563232422,-411.1072998047
393.3278503418,-410.3922119141
392.775177002,-409.6617736816
392.1560058594,-408.8643188477
391.5205383301,-408.0711975098
390.8164672852,-407.2254638672
390.2196655273,-406.5361938477
389.5999450684,-405.8463439941
389.0440673828,-405.2504577637
388.3458557129,-404.5314331055
387.7708129883,-403.9622497559
387.0307312012,-403.2601928711
386.1917114258,-402.5054626465
385.4103088379,-401.840423584
384.7710571289,-401.3228149414
384.0346374512,-400.7551879883
383.208984375,-400.1540222168
382.263458252,-399.5085754395
381.5640869141,-399.061126709
380.765045166,-398.5815124512
379.7866210938,-398.039642334
378.7952270508,-397.5390014648
377.8720092773,-397.1141967773
377.124206543,-396.7981567383
376.2694396973,-396.4674987793
375.3172607422,-396.1364746094
374.3385009766,-395.8367004395
373.5495300293,-395.6248779297
372.5496826172,-395.3935852051
371.6486206055,-395.2197265625
370.845703125,-395.0919189453
369.8248596191,-394.966217041
368.9170227051,-394.8888549805
367.9149780273,-394.8406677246
367.1109619141,-394.8299865723
366.2083129883,-394.8478088379
365.2737731934,-394.8986206055
364.3733215332,-394.9756164551
363.445892334,-395.0786743164
362.5767211914,-395.1929321289
361.5908508301,-395.3391418457
360.6324157715,-395.4963989258
359.7516174316,-395.654510498
358.8849487305,-395.8226928711
357.9101867676,-396.0269775391
357.1241760254,-396.2035217285
356.2290039063,-396.417388916
355.3562316895,-396.637298584
354.485534668,-396.8645324707
353.6207275391,-397.0963439941
352.6560974121,-397.3583068848
351.6940917969,-397.6205444336
350.6369934082,-397.9078369141
349.766998291,-398.1412353516
348.8922729492,-398.3719177246
347.9037780762,-398.628112793
346.860748291,-398.8934020996
346.0785827637,-399.0888671875
345.1325683594,-399.3214111328
344.066619873,-399.5782470703
343.2105102539,-399.7806091309
342.3518676758,-399.9800720215
341.5022277832,-400.1748046875
340.4016418457,-400.424987793
339.433807373,-400.6433410645
338.484588623,-400.857421875
337.4328918457,-401.0940856934
336.4070739746,-401.3244018555
335.4689025879,-401.5346069336
334.6308898926,-401.7215270996
333.7751464844,-401.9111633301
332.6315307617,-402.1628417969
331.6811218262,-402.3704223633
330.7338256836,-402.5760498047
329.6988220215,-402.798034668
328.6039123535,-403.0279541016
327.5610961914,-403.2426147461
326.6129760742,-403.4339904785
325.5570068359,-403.6429138184
324.7320556641,-403.8030700684
323.8789978027,-403.9658508301
322.8339233398,-404.1614074707
321.7203063965,-404.3649597168
320.6378173828,-404.5581665039
319.6688842773,-404.7257995605
318.7976379395,-404.8703308105
317.8471679688,-405.021484375
316.8226318359,-405.1768798828
315.8669128418,-405.3147583008
314.8126525879,-405.4590454102
313.8664245605,-405.5825805664
312.8208618164,-405.7125244141
311.767364502,-405.836517334
310.7192077637,-405.9524230957
309.6724243164,-406.058013916
308.7183227539,-406.1434020996
307.859588623,-406.2096252441
306.9837036133,-406.2666625977
306.1104125977,-406.3131103516
305.2218322754,-406.349609375
304.3593139648,-406.3747253418
303.5081481934,-406.3894958496
302.6557006836,-406.393157959
301.6968994141,-406.3809204102
300.633392334,-406.3448486328
299.6710205078,-406.2894897461
298.8534240723,-406.2250061035
297.8662109375,-406.1260070801
296.8341674805,-405.9975585938
295.8627319336,-405.8529663086
295.0587768555,-405.7157592773
294.0043945313,-405.5100402832
293.0436096191,-405.2935791016
291.9861755371,-405.0215454102
290.9438476563,-404.714630127
290.0827941895,-404.4276428223
289.0474853516,-404.0349121094
288.218536377,-403.6748657227
287.401550293,-403.2744750977
286.5068359375,-402.7789306641
285.8211975098,-402.3528137207
284.9619445801,-401.749786377
284.184387207,-401.1251220703
283.3670349121,-400.3721313477
282.5867614746,-399.537689209
281.9536132813,-398.7531433105
281.3807067871,-397.9340515137
280.918548584,-397.1716308594
280.5220336914,-396.41796875
280.1765441895,-395.6544189453
279.8583374023,-394.8186340332
279.5778503418,-393.9297180176
279.355255127,-393.0671691895
279.1628112793,-392.0909423828
279.0496520996,-391.2571716309
278.9828186035,-390.4471740723
278.9513549805,-389.4649047852
278.9749755859,-388.3727722168
279.038269043,-387.4950561523
279.1587219238,-386.4877929688
279.3002319336,-385.6344299316
279.5000610352,-384.6692504883
279.7172241211,-383.7869567871
279.951171875,-382.9635009766
280.2054748535,-382.1683044434
280.4889831543,-381.3642578125
280.7998962402,-380.5566711426
281.1544189453,-379.7054138184
281.5855102539,-378.7476196289
282.0276184082,-377.8389892578
282.4848937988,-376.962097168
283.0303955078,-375.9823608398
283.5515441895,-375.1018676758
284.030456543,-374.3308410645
284.4681091309,-373.652130127
285.0038146973,-372.8486938477
285.6384277344,-371.9291687012
286.2380065918,-371.0835876465
286.7823486328,-370.3280029297
287.4418640137,-369.4191589355
288.0589294434,-368.5690917969
288.5466003418,-367.893951416
289.2205505371,-366.9557189941
289.6923828125,-366.2934570313
290.2345275879,-365.5264282227
290.7850646973,-364.7409362793
291.3235778809,-363.9658813477
291.8073120117,-363.2646484375
292.2911376953,-362.5601196289
292.8308410645,-361.7704467773
293.4297790527,-360.8891296387
294.1011962891,-359.8951721191
294.5757141113,-359.188659668
295.1030883789,-358.3996276855
295.5795898438,-357.6831970215
296.1671142578,-356.795135498
296.6231994629,-356.1021728516
297.20703125,-355.2105102539
297.6745605469,-354.4926757813
298.2524719238,-353.6006469727
298.7106323242,-352.8897705078
299.2332763672,-352.0747680664
299.691192627,-351.3570251465
300.2686157227,-350.4471130371
300.727935791,-349.7194519043
301.3210754395,-348.7750854492
301.7896728516,-348.0289306641
302.3244934082,-347.1799621582
302.9044189453,-346.2626037598
303.3793945313,-345.5162963867
303.9742431641,-344.5871887207
304.4591064453,-343.8346557617
305.06640625,-342.8981628418
305.5668640137,-342.1313171387
306.1414489746,-341.2571716309
306.8385925293,-340.2096557617
307.4674987793,-339.2761535645
307.9183654785,-338.61328125
308.4344177246,-337.8590698242
309.0809326172,-336.9194335938
309.540435791,-336.2553405762
310.0698547363,-335.4938659668
310.7183227539,-334.565612793
311.1836547852,-333.9024047852
311.7292175293,-333.1272888184
312.3999328613,-332.1760559082
312.9231262207,-331.435333252
313.58203125,-330.5038452148
314.305847168,-329.4825439453
314.8479309082,-328.7184753418
315.5048828125,-327.7914428711
316.0433959961,-327.0299987793
316.6583862305,-326.1566772461
317.1838684082,-325.4033508301
317.6480712891,-324.7301940918
318.1637878418,-323.9725952148
318.6191101074,-323.293182373
319.0748291016,-322.5994262695
319.514251709,-321.9140014648
319.9526672363,-321.2110900879
320.3827209473,-320.5001220703
320.8444824219,-319.7076416016
321.2365722656,-319.0057983398
321.6697387695,-318.1927185059
322.0575561523,-317.425201416
322.5591430664,-316.3655090332
322.925201416,-315.5303344727
323.3448791504,-314.4840087891
323.6571655273,-313.6188354492
323.9043579102,-312.8574829102
324.1631469727,-311.9521484375
324.3872680664,-311.0277404785
324.5868835449,-310.0005493164
324.7077941895,-309.1743164063
324.8003234863,-308.2430114746
324.8438415527,-307.3659362793
324.8463134766,-306.5587768555
324.8024291992,-305.6085205078
324.7052307129,-304.6416931152
324.5364685059,-303.578125
324.3627319336,-302.7579345703
324.1510925293,-301.934967041
323.9030151367,-301.1141052246
323.6295471191,-300.3209838867
323.3239746094,-299.5243835449
322.9528503418,-298.6414794922
322.4604797363,-297.5621643066
322.0406494141,-296.6897583008
321.5594482422,-295.7143249512
321.1296386719,-294.8448486328
320.5953369141,-293.7524414063
320.1671142578,-292.866973877
319.698059082,-291.8905639648
319.3323669434,-291.1280517578
318.9217834473,-290.2724914551
318.3836364746,-289.1550598145
317.9647521973,-288.2910766602
317.4290771484,-287.1951904297
316.9985656738,-286.3227233887
316.500579834,-285.3226318359
315.9542541504,-284.2367248535
315.572052002,-283.4839477539
315.1839294434,-282.7250671387
314.7349853516,-281.8542175293
314.2253112793,-280.8718261719
313.7960205078,-280.0469970703
313.4205322266,-279.3267822266
312.854675293,-278.2412109375
312.4705200195,-277.5024108887
312.0834350586,-276.7565307617
311.636932373,-275.8940124512
311.2051391602,-275.056640625
310.7196044922,-274.1067199707
310.1690673828,-273.0146484375
309.7880249023,-272.247467041
309.2469482422,-271.1371459961
308.8647460938,-270.333984375
308.4581604004,-269.4580993652
308.1055908203,-268.6792297363
307.6561584473,-267.6581115723
307.283203125,-266.7858886719
306.9592285156,-266.0135498047
306.6323852539,-265.223815918
306.2590026855,-264.3119812012
305.9400024414,-263.5248718262
305.5796203613,-262.626953125
305.1412963867,-261.5223999023
304.789276123,-260.6239318848
304.3701782227,-259.5335693359
304.0740356445,-258.7455444336
303.785949707,-257.9619750977
303.4710693359,-257.0830078125
303.1282348633,-256.0936889648
302.831817627,-255.2066345215
302.5823669434,-254.4349517822
302.335144043,-253.6436004639
302.0684814453,-252.7519989014
301.7825622559,-251.7435150146
301.5409240723,-250.8413848877
301.2617797852,-249.7169036865
301.0543212891,-248.7946777344
300.8515930176,-247.7882537842
300.6954345703,-246.9013214111
300.5705871582,-246.0732574463
300.468536377,-245.2549743652
300.3780212402,-244.2776641846
300.3258972168,-243.4078674316
300.3017578125,-242.5469207764
300.3089294434,-241.6259460449
300.3534240723,-240.6598358154
300.4176025391,-239.85546875
300.5183410645,-238.9619293213
300.6632080078,-237.9976348877
300.85546875,-236.9946289063
301.044128418,-236.1803131104
301.2718811035,-235.3336486816
301.5523986816,-234.4298553467
301.8613891602,-233.5565948486
302.1849975586,-232.7426757813
302.5641784668,-231.8867492676
302.9186096191,-231.1610717773
303.3392944336,-230.3768157959
303.7565612793,-229.6697998047
304.279296875,-228.8747558594
304.8651123047,-228.0912322998
305.5171508789,-227.3434753418
306.1891174316,-226.6897735596
306.8539428711,-226.1376647949
307.6338500977,-225.5885620117
308.4469909668,-225.1123657227
309.1766662598,-224.7576904297
310.0204772949,-224.4234924316
310.8766784668,-224.1588745117
311.7431030273,-223.9567718506
312.7987365723,-223.7774810791
313.8594665527,-223.6355438232
314.722442627,-223.5358123779
315.6102600098,-223.4472045898
316.662689209,-223.3592987061
317.665435791,-223.2936096191
318.6651611328,-223.240234375
319.7604980469,-223.1919555664
320.6950378418,-223.1547088623
321.5005187988,-223.1218566895
322.4137573242,-223.0842895508
323.4418945313,-223.042175293
324.2904052734,-223.0073852539
325.1526794434,-222.9707183838
326.040802002,-222.9315795898
327.0373535156,-222.8861083984
328.0683898926,-222.8373718262
329.0983581543,-222.7869873047
330.045135498,-222.7391204834
331.1228942871,-222.6828918457
331.988861084,-222.6363372803
332.9607849121,-222.5826263428
333.9689025879,-222.5253295898
334.9880065918,-222.4657440186
335.9989013672,-222.4049530029
337.0100708008,-222.3425140381
338.0393676758,-222.2772979736
339.1674194336,-222.2038574219
339.9701843262,-222.1515197754
340.9908447266,-222.0883331299
342.0246276855,-222.0279846191
343.0447692871,-221.9720458984
344.1981506348,-221.9138641357
345.1004333496,-221.8734588623
346.1473999023,-221.8318481445
347.3115844727,-221.7922973633
348.220703125,-221.7651672363
349.2685546875,-221.7378234863
350.1859436035,-221.7164001465
351.3319702148,-221.6915893555
352.33984375,-221.6718292236
353.1828918457,-221.6567382813
354.1105041504,-221.6416015625
355.1525268555,-221.6264038086
356.1890869141,-221.6131591797
357.3565063477,-221.6005554199
358.4345092773,-221.5905151367
359.238067627,-221.5835266113
360.1414489746,-221.5762481689
361.2661132813,-221.5680389404
362.1867370605,-221.5619506836
363.2461547852,-221.5556793213
364.5093688965,-221.5492095947
365.3129577637,-221.5457000732
366.117401123,-221.5426177979
367.3809204102,-221.5387115479
368.2954101563,-221.5365753174
369.3411560059,-221.5348510742
370.3182373047,-221.5339355469
371.1710510254,-221.5336914063
372.296875,-221.5342407227
373.363494873,-221.5356140137
374.1677246094,-221.5372619629
375.1791687012,-221.5401153564
375.9957275391,-221.5430755615
376.8061523438,-221.5466308594
377.7969360352,-221.5517883301
378.6416625977,-221.5567779541
379.5499572754,-221.562789917
380.5745239258,-221.5698852539
381.4083862305,-221.5741119385
382.2835998535,-221.5771636963
383.1859741211,-221.578125
384.120880127,-221.5762329102
385.0896911621,-221.5701904297
385.9360961914,-221.561706543
386.7930297852,-221.5487518311
387.6777954102,-221.5311279297
388.5556640625,-221.5093841553
389.4364013672,-221.4834289551
390.2557983398,-221.4555206299
391.1518249512,-221.4208221436
392.1438293457,-221.3771820068
393.0436096191,-221.3330841064
394.0089416504,-221.2804870605
394.8934326172,-221.2272186279
395.8562316895,-221.1637420654
396.6676025391,-221.1062011719
397.587677002,-221.036026001
398.4893798828,-220.9621429443
399.3822937012,-220.8842468262
400.374420166,-220.7920837402
401.1961669922,-220.7113800049
402.0209350586,-220.6260681152
402.9834594727,-220.5215148926
403.8529968262,-220.4218902588
404.7474060059,-220.3118286133
405.712097168,-220.1851196289
406.5765991211,-220.0644836426
407.5423278809,-219.9215393066
408.464050293,-219.7763061523
409.4384765625,-219.6140136719
410.2371826172,-219.4736938477
411.0581970215,-219.3219451904
411.8815612793,-219.1626281738
412.6663818359,-219.0037231445
413.6942138672,-218.782119751
414.5130615234,-218.5937194824
415.5651550293,-218.3363189697
416.4284667969,-218.1110687256
417.2929992676,-217.8678588867
418.1557312012,-217.6016540527
419.1837768555,-217.2461853027
420.0585327148,-216.9039611816
420.8471069336,-216.5599212646
421.6844482422,-216.1558532715
422.5076599121,-215.7179107666
423.2550964355,-215.282989502
424.0794067383,-214.7593688965
424.9151611328,-214.1755218506
425.6647949219,-213.5985717773
426.3074951172,-213.0591430664
426.9953918457,-212.4309692383
427.6535949707,-211.7749176025
428.2942199707,-211.0773162842
428.8987731934,-210.3570709229
429.4173583984,-209.6810455322
429.9485778809,-208.9216766357
430.397644043,-208.2165527344
430.8607177734,-207.4145507813
431.2498474121,-206.6666870117
431.6731262207,-205.753036499
431.9877319336,-204.9841003418
432.2970581055,-204.123550415
432.5555725098,-203.2904205322
432.7890014648,-202.4003295898
432.9969177246,-201.4198455811
433.1463623047,-200.5027160645
433.2583007813,-199.5735168457
433.3351135254,-198.6619110107
433.3801879883,-197.8347473145
433.406036377,-196.8344116211
433.4066162109,-195.9029693604
433.3940124512,-194.9538574219
433.3736572266,-194.0177459717
433.3457336426,-193.0810546875
433.313659668,-192.2383728027
433.2725219727,-191.3063812256
433.2261352539,-190.3256072998
433.1883239746,-189.5173797607
433.1484375,-188.6530761719
433.1075744629,-187.7613067627
433.0643310547,-186.751083374
433.0286560059,-185.8523254395
432.998260498,-184.9830780029
432.9735107422,-184.0449371338
432.9595336914,-183.2285766602
432.9519348145,-182.4281768799
432.9503479004,-181.5953826904
432.954864502,-180.7521209717
432.966796875,-179.8229217529
432.9880371094,-178.8245849609
433.0131530762,-177.998550415
433.0466003418,-177.1301879883
433.0894470215,-176.2198638916
433.1415100098,-175.2853851318
433.2044372559,-174.3134155273
433.2682800293,-173.4452056885
433.3525390625,-172.4239654541
433.447479248,-171.3874359131
433.5426330566,-170.4046783447
433.6239624023,-169.5835876465
433.7080078125,-168.7399902344
433.7903137207,-167.9119110107
433.8981018066,-166.8324127197
433.9829711914,-165.9860076904
434.0906677246,-164.9172363281
434.1764831543,-164.068862915
434.2641601563,-163.205871582
434.3612060547,-162.2560272217
434.4506835938,-161.3835296631
434.5399475098,-160.5176849365
434.6221923828,-159.7218322754
434.7203369141,-158.7763977051
434.8364257813,-157.663848877
434.9370117188,-156.6974334717
435.027130127,-155.8181762695
435.1106262207,-154.995010376
435.1923828125,-154.1812896729
435.2755126953,-153.3452453613
435.3630065918,-152.4567871094
435.4428710938,-151.631652832
435.5419921875,-150.5768280029
435.6178894043,-149.7478027344
435.6984558105,-148.8456573486
435.7906494141,-147.7844543457
435.8605651855,-146.9571685791
435.929901123,-146.115234375
